-- MySQL dump 10.13  Distrib 5.1.63, for debian-linux-gnu (x86_64)
--
-- Host: localhost    Database: hmixer
-- ------------------------------------------------------
-- Server version	5.1.63-0+squeeze1

/*!40101 SET @OLD_CHARACTER_SET_CLIENT=@@CHARACTER_SET_CLIENT */;
/*!40101 SET @OLD_CHARACTER_SET_RESULTS=@@CHARACTER_SET_RESULTS */;
/*!40101 SET @OLD_COLLATION_CONNECTION=@@COLLATION_CONNECTION */;
/*!40101 SET NAMES utf8 */;
/*!40103 SET @OLD_TIME_ZONE=@@TIME_ZONE */;
/*!40103 SET TIME_ZONE='+00:00' */;
/*!40014 SET @OLD_UNIQUE_CHECKS=@@UNIQUE_CHECKS, UNIQUE_CHECKS=0 */;
/*!40014 SET @OLD_FOREIGN_KEY_CHECKS=@@FOREIGN_KEY_CHECKS, FOREIGN_KEY_CHECKS=0 */;
/*!40101 SET @OLD_SQL_MODE=@@SQL_MODE, SQL_MODE='NO_AUTO_VALUE_ON_ZERO' */;
/*!40111 SET @OLD_SQL_NOTES=@@SQL_NOTES, SQL_NOTES=0 */;

--
-- Table structure for table `age_ranges`
--

DROP TABLE IF EXISTS `age_ranges`;
/*!40101 SET @saved_cs_client     = @@character_set_client */;
/*!40101 SET character_set_client = utf8 */;
CREATE TABLE `age_ranges` (
  `id` int(11) NOT NULL AUTO_INCREMENT,
  `name` varchar(255) DEFAULT NULL,
  `age_min` int(11) DEFAULT NULL,
  `age_max` int(11) DEFAULT NULL,
  `created_at` datetime NOT NULL,
  `updated_at` datetime NOT NULL,
  PRIMARY KEY (`id`)
) ENGINE=InnoDB AUTO_INCREMENT=2 DEFAULT CHARSET=latin1;
/*!40101 SET character_set_client = @saved_cs_client */;

--
-- Dumping data for table `age_ranges`
--

LOCK TABLES `age_ranges` WRITE;
/*!40000 ALTER TABLE `age_ranges` DISABLE KEYS */;
INSERT INTO `age_ranges` VALUES (1,'everyone',0,1000,'2013-02-18 15:00:11','2013-02-18 15:00:13');
/*!40000 ALTER TABLE `age_ranges` ENABLE KEYS */;
UNLOCK TABLES;

--
-- Table structure for table `contributions`
--

DROP TABLE IF EXISTS `contributions`;
/*!40101 SET @saved_cs_client     = @@character_set_client */;
/*!40101 SET character_set_client = utf8 */;
CREATE TABLE `contributions` (
  `id` int(11) NOT NULL AUTO_INCREMENT,
  `submission_id` int(11) DEFAULT NULL,
  `metric_id` int(11) DEFAULT NULL,
  `healthy_min` decimal(10,0) DEFAULT NULL,
  `healthy_max` decimal(10,0) DEFAULT NULL,
  `total_min` decimal(10,0) DEFAULT NULL,
  `total_max` decimal(10,0) DEFAULT NULL,
  `score_weight` int(11) DEFAULT NULL,
  `created_at` datetime NOT NULL,
  `updated_at` datetime NOT NULL,
  `demographic_id` int(11) DEFAULT NULL,
  PRIMARY KEY (`id`),
  KEY `index_contributions_on_submission_id` (`submission_id`),
  KEY `index_contributions_on_metric_id` (`metric_id`)
) ENGINE=InnoDB AUTO_INCREMENT=657 DEFAULT CHARSET=latin1;
/*!40101 SET character_set_client = @saved_cs_client */;

--
-- Dumping data for table `contributions`
--

LOCK TABLES `contributions` WRITE;
/*!40000 ALTER TABLE `contributions` DISABLE KEYS */;
INSERT INTO `contributions` VALUES (1,1,1,'49','90','0','160',10,'2013-02-12 01:35:57','2013-02-26 23:00:15',1),(2,1,2,'93','123','0','130',4,'2013-02-12 01:35:57','2013-02-26 23:00:15',1),(3,1,3,'437','600','0','600',3,'2013-02-12 01:35:57','2013-02-26 23:00:15',1),(4,1,4,'1','4','0','18',5,'2013-02-12 01:35:57','2013-02-26 23:00:15',1),(5,1,1,'63','148','0','160',5,'2013-02-12 01:35:57','2013-02-26 23:00:15',2),(6,1,2,'28','102','0','130',7,'2013-02-12 01:35:57','2013-02-26 23:00:20',2),(7,1,3,'291','454','0','600',3,'2013-02-12 01:35:57','2013-02-26 23:00:15',2),(8,1,4,'6','9','0','18',5,'2013-02-12 01:35:57','2013-02-25 21:03:01',2),(17,5,1,'49','90','0','160',10,'2013-02-25 22:01:35','2013-02-26 23:03:18',1),(18,5,2,'93','123','0','130',4,'2013-02-25 22:01:35','2013-02-26 23:03:18',1),(19,5,3,'437','600','0','600',3,'2013-02-25 22:01:35','2013-02-26 23:03:18',1),(20,5,4,'1','4','0','18',5,'2013-02-25 22:01:35','2013-02-26 23:03:18',1),(21,5,1,'63','148','0','160',5,'2013-02-25 22:01:35','2013-02-26 23:03:18',2),(22,5,2,'28','102','0','130',7,'2013-02-25 22:01:35','2013-02-26 23:03:18',2),(23,5,3,'291','454','0','600',3,'2013-02-25 22:01:35','2013-02-26 23:03:18',2),(24,5,4,'6','9','0','18',5,'2013-02-25 22:01:35','2013-02-26 22:41:57',2),(49,9,1,'22','88','0','160',10,'2013-02-25 22:18:16','2013-02-26 22:46:54',1),(50,9,2,'63','130','0','130',4,'2013-02-25 22:18:16','2013-02-26 22:46:54',1),(51,9,3,'237','516','0','600',3,'2013-02-25 22:18:16','2013-02-26 22:47:13',1),(52,9,4,'6','9','0','18',5,'2013-02-25 22:18:16','2013-02-25 22:18:16',1),(53,9,1,'25','75','0','160',1,'2013-02-25 22:18:16','2013-02-25 22:18:16',2),(54,9,2,'13','43','0','130',1,'2013-02-25 22:18:16','2013-02-25 22:18:16',2),(55,9,3,'97','291','0','600',1,'2013-02-25 22:18:16','2013-02-25 22:18:16',2),(56,9,4,'5','14','0','18',1,'2013-02-25 22:18:16','2013-02-25 22:18:16',2),(57,10,1,'22','60','0','160',10,'2013-02-25 22:19:27','2013-02-25 22:19:27',1),(58,10,2,'100','130','0','130',4,'2013-02-25 22:19:27','2013-02-25 22:19:27',1),(59,10,3,'237','400','0','600',3,'2013-02-25 22:19:27','2013-02-25 22:19:27',1),(60,10,4,'6','9','0','18',5,'2013-02-25 22:19:27','2013-02-25 22:19:27',1),(61,10,1,'25','75','0','160',1,'2013-02-25 22:19:27','2013-02-25 22:19:27',2),(62,10,2,'13','43','0','130',1,'2013-02-25 22:19:27','2013-02-25 22:19:27',2),(63,10,3,'97','291','0','600',1,'2013-02-25 22:19:27','2013-02-25 22:19:27',2),(64,10,4,'5','14','0','18',1,'2013-02-25 22:19:27','2013-02-25 22:19:27',2),(65,11,1,'49','90','0','160',10,'2013-02-26 22:53:42','2013-02-27 14:56:42',1),(66,11,2,'57','88','0','130',4,'2013-02-26 22:53:42','2013-03-06 18:00:54',1),(67,11,3,'90','183','0','600',3,'2013-02-26 22:53:42','2013-03-06 18:01:18',1),(68,11,4,'1','4','0','18',5,'2013-02-26 22:53:42','2013-02-27 14:56:42',1),(69,11,1,'49','90','0','160',10,'2013-02-26 22:53:42','2013-03-06 17:57:57',2),(70,11,2,'57','88','0','130',4,'2013-02-26 22:53:42','2013-03-06 18:00:54',2),(71,11,3,'90','183','0','600',3,'2013-02-26 22:53:42','2013-03-06 18:01:18',2),(72,11,4,'1','4','0','18',5,'2013-02-26 22:53:42','2013-03-06 17:57:57',2),(73,12,1,'68','106','0','160',10,'2013-02-26 22:56:29','2013-02-26 22:56:29',1),(74,12,2,'63','93','0','130',4,'2013-02-26 22:56:29','2013-02-26 22:56:29',1),(75,12,3,'144','307','0','600',3,'2013-02-26 22:56:29','2013-02-26 22:56:29',1),(76,12,4,'8','11','0','18',5,'2013-02-26 22:56:29','2013-02-26 22:56:29',1),(77,12,1,'22','107','0','160',5,'2013-02-26 22:56:29','2013-02-26 22:56:29',2),(78,12,2,'32','106','0','130',7,'2013-02-26 22:56:29','2013-02-26 22:56:29',2),(79,12,3,'237','400','0','600',3,'2013-02-26 22:56:29','2013-02-26 22:56:29',2),(80,12,4,'11','14','0','18',5,'2013-02-26 22:56:29','2013-02-26 22:56:29',2),(81,13,1,'37','70','0','160',10,'2013-02-26 23:18:46','2013-03-04 22:35:30',1),(82,13,2,'41','66','0','130',4,'2013-02-26 23:18:46','2013-03-04 22:35:28',1),(83,13,3,'494','600','0','600',3,'2013-02-26 23:18:46','2013-03-04 22:35:25',1),(84,13,4,'0','3','0','18',5,'2013-02-26 23:18:46','2013-03-04 22:35:22',1),(85,13,1,NULL,NULL,NULL,NULL,NULL,'2013-02-26 23:18:46','2013-02-26 23:18:46',2),(86,13,2,NULL,NULL,NULL,NULL,NULL,'2013-02-26 23:18:46','2013-02-26 23:18:46',2),(87,13,3,NULL,NULL,NULL,NULL,NULL,'2013-02-26 23:18:46','2013-02-26 23:18:46',2),(88,13,4,NULL,NULL,NULL,NULL,NULL,'2013-02-26 23:18:46','2013-02-26 23:18:46',2),(89,14,1,'0','41','0','160',10,'2013-02-27 01:00:10','2013-02-27 01:03:02',1),(90,14,2,'0','30','0','130',4,'2013-02-27 01:00:10','2013-02-27 01:03:02',1),(91,14,3,'0','163','0','600',3,'2013-02-27 01:00:10','2013-02-27 01:03:02',1),(92,14,4,'0','3','0','18',5,'2013-02-27 01:00:10','2013-02-27 01:03:02',1),(93,14,1,'0','85','0','160',5,'2013-02-27 01:00:10','2013-02-27 01:00:10',2),(94,14,2,'0','74','0','130',7,'2013-02-27 01:00:10','2013-02-27 01:00:10',2),(95,14,3,'0','163','0','600',3,'2013-02-27 01:00:10','2013-02-27 01:00:10',2),(96,14,4,'0','3','0','18',5,'2013-02-27 01:00:10','2013-02-27 01:00:10',2),(97,15,1,'0','41','0','160',10,'2013-03-04 22:32:48','2013-03-04 22:32:48',1),(98,15,2,'0','29','0','130',4,'2013-03-04 22:32:48','2013-03-04 22:32:48',1),(99,15,3,'0','163','0','600',3,'2013-03-04 22:32:48','2013-03-04 22:32:48',1),(100,15,4,'1','4','0','18',5,'2013-03-04 22:32:48','2013-03-04 22:32:48',1),(101,15,1,NULL,NULL,NULL,NULL,NULL,'2013-03-04 22:32:48','2013-03-04 22:32:48',2),(102,15,2,NULL,NULL,NULL,NULL,NULL,'2013-03-04 22:32:48','2013-03-04 22:32:48',2),(103,15,3,NULL,NULL,NULL,NULL,NULL,'2013-03-04 22:32:48','2013-03-04 22:32:48',2),(104,15,4,NULL,NULL,NULL,NULL,NULL,'2013-03-04 22:32:48','2013-03-04 22:32:48',2),(105,16,1,'49','90','0','160',10,'2013-03-04 22:33:26','2013-03-04 22:33:26',1),(106,16,2,'55','85','0','130',4,'2013-03-04 22:33:26','2013-03-04 22:33:26',1),(107,16,3,'156','319','0','600',3,'2013-03-04 22:33:26','2013-03-04 22:33:26',1),(108,16,4,'1','4','0','18',5,'2013-03-04 22:33:26','2013-03-04 22:33:26',1),(109,16,1,NULL,NULL,NULL,NULL,NULL,'2013-03-04 22:33:26','2013-03-04 22:33:26',2),(110,16,2,NULL,NULL,NULL,NULL,NULL,'2013-03-04 22:33:26','2013-03-04 22:33:26',2),(111,16,3,NULL,NULL,NULL,NULL,NULL,'2013-03-04 22:33:26','2013-03-04 22:33:26',2),(112,16,4,NULL,NULL,NULL,NULL,NULL,'2013-03-04 22:33:26','2013-03-04 22:33:26',2),(113,17,1,'49','90','0','160',10,'2013-03-05 15:08:26','2013-03-05 15:09:41',1),(114,17,2,'19','49','0','130',4,'2013-03-05 15:08:26','2013-03-05 15:09:41',1),(115,17,3,'359','522','0','600',3,'2013-03-05 15:08:26','2013-03-05 15:09:41',1),(116,17,4,'9','12','0','18',5,'2013-03-05 15:08:26','2013-03-05 15:09:41',1),(117,17,1,'63','148','0','160',5,'2013-03-05 15:08:26','2013-03-05 15:09:41',2),(118,17,2,'28','79','0','130',7,'2013-03-05 15:08:26','2013-03-05 15:09:41',2),(119,17,3,'113','276','0','600',3,'2013-03-05 15:08:26','2013-03-05 15:09:41',2),(120,17,4,'9','12','0','18',5,'2013-03-05 15:08:26','2013-03-05 15:09:41',2),(121,18,1,'49','90','0','160',10,'2013-03-05 15:22:38','2013-03-05 15:22:38',1),(122,18,2,'93','123','0','130',4,'2013-03-05 15:22:38','2013-03-05 15:22:38',1),(123,18,3,'437','600','0','600',3,'2013-03-05 15:22:38','2013-03-05 15:22:38',1),(124,18,4,'1','4','0','18',5,'2013-03-05 15:22:38','2013-03-05 15:22:38',1),(125,18,1,'63','148','0','160',5,'2013-03-05 15:22:38','2013-03-05 15:22:38',2),(126,18,2,'28','102','0','130',7,'2013-03-05 15:22:38','2013-03-05 15:22:38',2),(127,18,3,'291','454','0','600',3,'2013-03-05 15:22:38','2013-03-05 15:22:38',2),(128,18,4,'6','9','0','18',5,'2013-03-05 15:22:38','2013-03-05 15:22:38',2),(129,19,1,'49','90','0','160',10,'2013-03-06 20:07:19','2013-03-06 20:07:19',1),(130,19,2,'93','123','0','130',4,'2013-03-06 20:07:19','2013-03-06 20:07:19',1),(131,19,3,'437','600','0','600',3,'2013-03-06 20:07:19','2013-03-06 20:07:19',1),(132,19,4,'1','4','0','18',5,'2013-03-06 20:07:19','2013-03-06 20:07:19',1),(133,19,1,'63','148','0','160',5,'2013-03-06 20:07:19','2013-03-06 20:07:19',2),(134,19,2,'74','102','0','130',7,'2013-03-06 20:07:19','2013-03-06 20:07:19',2),(135,19,3,'291','409','0','600',3,'2013-03-06 20:07:19','2013-03-06 20:07:19',2),(136,19,4,'6','9','0','18',5,'2013-03-06 20:07:19','2013-03-06 20:07:19',2),(137,20,1,'75','90','0','160',10,'2013-03-06 20:14:01','2013-03-06 20:14:01',1),(138,20,2,'60','74','0','130',4,'2013-03-06 20:14:01','2013-03-06 20:14:01',1),(139,20,3,'280','345','0','600',3,'2013-03-06 20:14:01','2013-03-06 20:14:01',1),(140,20,4,'8','10','0','18',5,'2013-03-06 20:14:01','2013-03-06 20:14:01',1),(141,20,1,'135','148','0','160',5,'2013-03-06 20:14:01','2013-03-06 20:14:01',2),(142,20,2,'111','121','0','130',7,'2013-03-06 20:14:01','2013-03-06 20:14:01',2),(143,20,3,'509','560','0','600',3,'2013-03-06 20:14:01','2013-03-06 20:14:01',2),(144,20,4,'15','16','0','18',5,'2013-03-06 20:14:01','2013-03-06 20:14:01',2),(145,21,1,'75','90','0','160',10,'2013-03-06 20:21:27','2013-03-06 20:22:39',1),(146,21,2,'62','75','0','130',4,'2013-03-06 20:21:27','2013-03-06 20:22:39',1),(147,21,3,'289','349','0','600',3,'2013-03-06 20:21:27','2013-03-06 20:22:39',1),(148,21,4,'8','10','0','18',5,'2013-03-06 20:21:27','2013-03-06 20:22:39',1),(149,21,1,'130','148','0','160',5,'2013-03-06 20:21:27','2013-03-06 20:21:27',2),(150,21,2,'104','120','0','130',7,'2013-03-06 20:21:27','2013-03-06 20:21:27',2),(151,21,3,'475','548','0','600',3,'2013-03-06 20:21:27','2013-03-06 20:21:27',2),(152,21,4,'14','16','0','18',5,'2013-03-06 20:21:27','2013-03-06 20:21:27',2),(153,22,1,'49','90','0','160',10,'2013-03-06 21:00:09','2013-03-06 21:00:09',1),(154,22,2,'93','123','0','130',4,'2013-03-06 21:00:09','2013-03-06 21:00:09',1),(155,22,3,'437','600','0','600',3,'2013-03-06 21:00:09','2013-03-06 21:00:09',1),(156,22,4,'1','4','0','18',5,'2013-03-06 21:00:09','2013-03-06 21:00:09',1),(157,22,1,NULL,NULL,NULL,NULL,NULL,'2013-03-06 21:00:09','2013-03-06 21:00:09',2),(158,22,2,NULL,NULL,NULL,NULL,NULL,'2013-03-06 21:00:09','2013-03-06 21:00:09',2),(159,22,3,NULL,NULL,NULL,NULL,NULL,'2013-03-06 21:00:09','2013-03-06 21:00:09',2),(160,22,4,NULL,NULL,NULL,NULL,NULL,'2013-03-06 21:00:09','2013-03-06 21:00:09',2),(161,23,1,'49','90','0','160',10,'2013-03-06 22:25:06','2013-03-06 22:25:06',1),(162,23,2,'93','123','0','130',4,'2013-03-06 22:25:06','2013-03-06 22:25:06',1),(163,23,3,'437','600','0','600',3,'2013-03-06 22:25:06','2013-03-06 22:25:06',1),(164,23,4,'1','4','0','18',5,'2013-03-06 22:25:06','2013-03-06 22:25:06',1),(165,23,1,NULL,NULL,NULL,NULL,NULL,'2013-03-06 22:25:06','2013-03-06 22:25:06',2),(166,23,2,NULL,NULL,NULL,NULL,NULL,'2013-03-06 22:25:06','2013-03-06 22:25:06',2),(167,23,3,NULL,NULL,NULL,NULL,NULL,'2013-03-06 22:25:06','2013-03-06 22:25:06',2),(168,23,4,NULL,NULL,NULL,NULL,NULL,'2013-03-06 22:25:06','2013-03-06 22:25:06',2),(169,24,1,'49','90','0','160',10,'2013-03-06 22:28:14','2013-03-06 22:28:14',1),(170,24,2,'93','123','0','130',4,'2013-03-06 22:28:14','2013-03-06 22:28:14',1),(171,24,3,'437','600','0','600',3,'2013-03-06 22:28:14','2013-03-06 22:28:14',1),(172,24,4,'1','4','0','18',5,'2013-03-06 22:28:14','2013-03-06 22:28:14',1),(173,24,1,NULL,NULL,NULL,NULL,NULL,'2013-03-06 22:28:14','2013-03-06 22:28:14',2),(174,24,2,NULL,NULL,NULL,NULL,NULL,'2013-03-06 22:28:14','2013-03-06 22:28:14',2),(175,24,3,NULL,NULL,NULL,NULL,NULL,'2013-03-06 22:28:14','2013-03-06 22:28:14',2),(176,24,4,NULL,NULL,NULL,NULL,NULL,'2013-03-06 22:28:14','2013-03-06 22:28:14',2),(177,25,1,'49','90','0','160',10,'2013-03-06 22:42:05','2013-03-06 22:42:05',1),(178,25,2,'93','123','0','130',4,'2013-03-06 22:42:05','2013-03-06 22:42:05',1),(179,25,3,'437','600','0','600',3,'2013-03-06 22:42:05','2013-03-06 22:42:05',1),(180,25,4,'1','4','0','18',5,'2013-03-06 22:42:05','2013-03-06 22:42:05',1),(181,25,1,'49','90','0','160',10,'2013-03-06 22:42:05','2013-03-06 22:51:01',2),(182,25,2,'93','123','0','130',4,'2013-03-06 22:42:05','2013-03-06 22:51:01',2),(183,25,3,'437','600','0','600',3,'2013-03-06 22:42:05','2013-03-06 22:51:01',2),(184,25,4,'1','4','0','18',5,'2013-03-06 22:42:05','2013-03-06 22:51:01',2),(185,26,1,'49','90','0','160',10,'2013-03-06 23:07:29','2013-03-06 23:07:29',1),(186,26,2,'93','123','0','130',4,'2013-03-06 23:07:29','2013-03-06 23:07:29',1),(187,26,3,'437','600','0','600',3,'2013-03-06 23:07:29','2013-03-06 23:07:29',1),(188,26,4,'1','4','0','18',5,'2013-03-06 23:07:29','2013-03-06 23:07:29',1),(189,26,1,NULL,NULL,NULL,NULL,NULL,'2013-03-06 23:07:29','2013-03-06 23:07:29',2),(190,26,2,NULL,NULL,NULL,NULL,NULL,'2013-03-06 23:07:29','2013-03-06 23:07:29',2),(191,26,3,NULL,NULL,NULL,NULL,NULL,'2013-03-06 23:07:29','2013-03-06 23:07:29',2),(192,26,4,NULL,NULL,NULL,NULL,NULL,'2013-03-06 23:07:29','2013-03-06 23:07:29',2),(193,27,1,'49','90','0','160',10,'2013-03-06 23:12:49','2013-03-06 23:12:49',1),(194,27,2,'93','123','0','130',4,'2013-03-06 23:12:49','2013-03-06 23:12:49',1),(195,27,3,'437','600','0','600',3,'2013-03-06 23:12:49','2013-03-06 23:12:49',1),(196,27,4,'1','4','0','18',5,'2013-03-06 23:12:49','2013-03-06 23:12:49',1),(197,27,1,NULL,NULL,NULL,NULL,NULL,'2013-03-06 23:12:49','2013-03-06 23:12:49',2),(198,27,2,NULL,NULL,NULL,NULL,NULL,'2013-03-06 23:12:49','2013-03-06 23:12:49',2),(199,27,3,NULL,NULL,NULL,NULL,NULL,'2013-03-06 23:12:49','2013-03-06 23:12:49',2),(200,27,4,NULL,NULL,NULL,NULL,NULL,'2013-03-06 23:12:49','2013-03-06 23:12:49',2),(201,28,1,'49','90','0','160',10,'2013-03-06 23:13:51','2013-03-06 23:13:51',1),(202,28,2,'93','123','0','130',4,'2013-03-06 23:13:51','2013-03-06 23:13:51',1),(203,28,3,'437','600','0','600',3,'2013-03-06 23:13:51','2013-03-06 23:13:51',1),(204,28,4,'1','4','0','18',5,'2013-03-06 23:13:51','2013-03-06 23:13:51',1),(205,28,1,NULL,NULL,NULL,NULL,NULL,'2013-03-06 23:13:51','2013-03-06 23:13:51',2),(206,28,2,NULL,NULL,NULL,NULL,NULL,'2013-03-06 23:13:51','2013-03-06 23:13:51',2),(207,28,3,NULL,NULL,NULL,NULL,NULL,'2013-03-06 23:13:51','2013-03-06 23:13:51',2),(208,28,4,NULL,NULL,NULL,NULL,NULL,'2013-03-06 23:13:51','2013-03-06 23:13:51',2),(209,29,1,'49','90','0','160',10,'2013-03-06 23:19:03','2013-03-06 23:19:03',1),(210,29,2,'93','123','0','130',4,'2013-03-06 23:19:03','2013-03-06 23:19:03',1),(211,29,3,'437','600','0','600',3,'2013-03-06 23:19:03','2013-03-06 23:19:03',1),(212,29,4,'1','4','0','18',5,'2013-03-06 23:19:03','2013-03-06 23:19:03',1),(213,29,1,NULL,NULL,NULL,NULL,NULL,'2013-03-06 23:19:03','2013-03-06 23:19:03',2),(214,29,2,NULL,NULL,NULL,NULL,NULL,'2013-03-06 23:19:03','2013-03-06 23:19:03',2),(215,29,3,NULL,NULL,NULL,NULL,NULL,'2013-03-06 23:19:03','2013-03-06 23:19:03',2),(216,29,4,NULL,NULL,NULL,NULL,NULL,'2013-03-06 23:19:03','2013-03-06 23:19:03',2),(217,30,1,'49','90','0','160',10,'2013-03-06 23:23:29','2013-03-06 23:23:29',1),(218,30,2,'93','123','0','130',4,'2013-03-06 23:23:29','2013-03-06 23:23:29',1),(219,30,3,'437','600','0','600',3,'2013-03-06 23:23:29','2013-03-06 23:23:29',1),(220,30,4,'1','4','0','18',5,'2013-03-06 23:23:29','2013-03-06 23:23:29',1),(221,30,1,NULL,NULL,NULL,NULL,NULL,'2013-03-06 23:23:29','2013-03-06 23:23:29',2),(222,30,2,NULL,NULL,NULL,NULL,NULL,'2013-03-06 23:23:29','2013-03-06 23:23:29',2),(223,30,3,NULL,NULL,NULL,NULL,NULL,'2013-03-06 23:23:29','2013-03-06 23:23:29',2),(224,30,4,NULL,NULL,NULL,NULL,NULL,'2013-03-06 23:23:29','2013-03-06 23:23:29',2),(225,31,1,'49','90','0','160',10,'2013-03-06 23:31:40','2013-03-06 23:31:40',1),(226,31,2,'93','123','0','130',4,'2013-03-06 23:31:40','2013-03-06 23:31:40',1),(227,31,3,'437','600','0','600',3,'2013-03-06 23:31:40','2013-03-06 23:31:40',1),(228,31,4,'1','4','0','18',5,'2013-03-06 23:31:40','2013-03-06 23:31:40',1),(229,31,1,NULL,NULL,NULL,NULL,NULL,'2013-03-06 23:31:40','2013-03-06 23:31:40',2),(230,31,2,NULL,NULL,NULL,NULL,NULL,'2013-03-06 23:31:40','2013-03-06 23:31:40',2),(231,31,3,NULL,NULL,NULL,NULL,NULL,'2013-03-06 23:31:40','2013-03-06 23:31:40',2),(232,31,4,NULL,NULL,NULL,NULL,NULL,'2013-03-06 23:31:40','2013-03-06 23:31:40',2),(233,32,1,'49','90','0','160',10,'2013-03-06 23:34:44','2013-03-06 23:34:44',1),(234,32,2,'93','123','0','130',4,'2013-03-06 23:34:44','2013-03-06 23:34:44',1),(235,32,3,'437','600','0','600',3,'2013-03-06 23:34:44','2013-03-06 23:34:44',1),(236,32,4,'1','4','0','18',5,'2013-03-06 23:34:44','2013-03-06 23:34:44',1),(237,32,1,NULL,NULL,NULL,NULL,NULL,'2013-03-06 23:34:44','2013-03-06 23:34:44',2),(238,32,2,NULL,NULL,NULL,NULL,NULL,'2013-03-06 23:34:44','2013-03-06 23:34:44',2),(239,32,3,NULL,NULL,NULL,NULL,NULL,'2013-03-06 23:34:44','2013-03-06 23:34:44',2),(240,32,4,NULL,NULL,NULL,NULL,NULL,'2013-03-06 23:34:44','2013-03-06 23:34:44',2),(241,33,1,'49','90','0','160',10,'2013-03-06 23:39:49','2013-03-06 23:39:49',1),(242,33,2,'93','123','0','130',4,'2013-03-06 23:39:49','2013-03-06 23:39:49',1),(243,33,3,'437','600','0','600',3,'2013-03-06 23:39:49','2013-03-06 23:39:49',1),(244,33,4,'1','4','0','18',5,'2013-03-06 23:39:49','2013-03-06 23:39:49',1),(245,33,1,NULL,NULL,NULL,NULL,NULL,'2013-03-06 23:39:49','2013-03-06 23:39:49',2),(246,33,2,NULL,NULL,NULL,NULL,NULL,'2013-03-06 23:39:49','2013-03-06 23:39:49',2),(247,33,3,NULL,NULL,NULL,NULL,NULL,'2013-03-06 23:39:49','2013-03-06 23:39:49',2),(248,33,4,NULL,NULL,NULL,NULL,NULL,'2013-03-06 23:39:49','2013-03-06 23:39:49',2),(249,34,1,'49','90','0','160',10,'2013-03-06 23:42:59','2013-03-06 23:42:59',1),(250,34,2,'93','123','0','130',4,'2013-03-06 23:42:59','2013-03-06 23:42:59',1),(251,34,3,'437','600','0','600',3,'2013-03-06 23:42:59','2013-03-06 23:42:59',1),(252,34,4,'1','4','0','18',5,'2013-03-06 23:42:59','2013-03-06 23:42:59',1),(253,34,1,NULL,NULL,NULL,NULL,NULL,'2013-03-06 23:42:59','2013-03-06 23:42:59',2),(254,34,2,NULL,NULL,NULL,NULL,NULL,'2013-03-06 23:42:59','2013-03-06 23:42:59',2),(255,34,3,NULL,NULL,NULL,NULL,NULL,'2013-03-06 23:42:59','2013-03-06 23:42:59',2),(256,34,4,NULL,NULL,NULL,NULL,NULL,'2013-03-06 23:42:59','2013-03-06 23:42:59',2),(257,35,1,'49','90','0','160',10,'2013-03-06 23:46:00','2013-03-06 23:46:00',1),(258,35,2,'93','123','0','130',4,'2013-03-06 23:46:00','2013-03-06 23:46:00',1),(259,35,3,'437','600','0','600',3,'2013-03-06 23:46:00','2013-03-06 23:46:00',1),(260,35,4,'1','4','0','18',5,'2013-03-06 23:46:00','2013-03-06 23:46:00',1),(261,35,1,NULL,NULL,NULL,NULL,NULL,'2013-03-06 23:46:00','2013-03-06 23:46:00',2),(262,35,2,NULL,NULL,NULL,NULL,NULL,'2013-03-06 23:46:00','2013-03-06 23:46:00',2),(263,35,3,NULL,NULL,NULL,NULL,NULL,'2013-03-06 23:46:00','2013-03-06 23:46:00',2),(264,35,4,NULL,NULL,NULL,NULL,NULL,'2013-03-06 23:46:00','2013-03-06 23:46:00',2),(265,36,1,'49','90','0','160',10,'2013-03-06 23:51:32','2013-03-06 23:51:32',1),(266,36,2,'93','123','0','130',4,'2013-03-06 23:51:32','2013-03-06 23:51:32',1),(267,36,3,'437','600','0','600',3,'2013-03-06 23:51:32','2013-03-06 23:51:32',1),(268,36,4,'1','4','0','18',5,'2013-03-06 23:51:32','2013-03-06 23:51:32',1),(269,36,1,NULL,NULL,NULL,NULL,NULL,'2013-03-06 23:51:32','2013-03-06 23:51:32',2),(270,36,2,NULL,NULL,NULL,NULL,NULL,'2013-03-06 23:51:32','2013-03-06 23:51:32',2),(271,36,3,NULL,NULL,NULL,NULL,NULL,'2013-03-06 23:51:32','2013-03-06 23:51:32',2),(272,36,4,NULL,NULL,NULL,NULL,NULL,'2013-03-06 23:51:32','2013-03-06 23:51:32',2),(273,37,1,'49','90','0','160',10,'2013-03-06 23:52:59','2013-03-06 23:52:59',1),(274,37,2,'93','123','0','130',4,'2013-03-06 23:52:59','2013-03-06 23:52:59',1),(275,37,3,'437','600','0','600',3,'2013-03-06 23:52:59','2013-03-06 23:52:59',1),(276,37,4,'1','4','0','18',5,'2013-03-06 23:52:59','2013-03-06 23:52:59',1),(277,37,1,NULL,NULL,NULL,NULL,NULL,'2013-03-06 23:52:59','2013-03-06 23:52:59',2),(278,37,2,NULL,NULL,NULL,NULL,NULL,'2013-03-06 23:52:59','2013-03-06 23:52:59',2),(279,37,3,NULL,NULL,NULL,NULL,NULL,'2013-03-06 23:52:59','2013-03-06 23:52:59',2),(280,37,4,NULL,NULL,NULL,NULL,NULL,'2013-03-06 23:52:59','2013-03-06 23:52:59',2),(281,38,1,'49','90','0','160',10,'2013-03-07 00:02:56','2013-03-07 00:02:56',1),(282,38,2,'93','123','0','130',4,'2013-03-07 00:02:56','2013-03-07 00:02:56',1),(283,38,3,'437','600','0','600',3,'2013-03-07 00:02:56','2013-03-07 00:02:56',1),(284,38,4,'1','4','0','18',5,'2013-03-07 00:02:56','2013-03-07 00:02:56',1),(285,38,1,NULL,NULL,NULL,NULL,NULL,'2013-03-07 00:02:56','2013-03-07 00:02:56',2),(286,38,2,NULL,NULL,NULL,NULL,NULL,'2013-03-07 00:02:56','2013-03-07 00:02:56',2),(287,38,3,NULL,NULL,NULL,NULL,NULL,'2013-03-07 00:02:56','2013-03-07 00:02:56',2),(288,38,4,NULL,NULL,NULL,NULL,NULL,'2013-03-07 00:02:56','2013-03-07 00:02:56',2),(289,39,1,'49','90','0','160',10,'2013-03-07 00:04:26','2013-03-07 00:04:26',1),(290,39,2,'93','123','0','130',4,'2013-03-07 00:04:26','2013-03-07 00:04:26',1),(291,39,3,'437','600','0','600',3,'2013-03-07 00:04:26','2013-03-07 00:04:26',1),(292,39,4,'1','4','0','18',5,'2013-03-07 00:04:26','2013-03-07 00:04:26',1),(293,39,1,NULL,NULL,NULL,NULL,NULL,'2013-03-07 00:04:26','2013-03-07 00:04:26',2),(294,39,2,NULL,NULL,NULL,NULL,NULL,'2013-03-07 00:04:26','2013-03-07 00:04:26',2),(295,39,3,NULL,NULL,NULL,NULL,NULL,'2013-03-07 00:04:26','2013-03-07 00:04:26',2),(296,39,4,NULL,NULL,NULL,NULL,NULL,'2013-03-07 00:04:26','2013-03-07 00:04:26',2),(297,40,1,'49','90','0','160',10,'2013-03-07 00:05:51','2013-03-07 00:05:51',1),(298,40,2,'93','123','0','130',4,'2013-03-07 00:05:51','2013-03-07 00:05:51',1),(299,40,3,'437','600','0','600',3,'2013-03-07 00:05:51','2013-03-07 00:05:51',1),(300,40,4,'1','4','0','18',5,'2013-03-07 00:05:51','2013-03-07 00:05:51',1),(301,40,1,NULL,NULL,NULL,NULL,NULL,'2013-03-07 00:05:51','2013-03-07 00:05:51',2),(302,40,2,NULL,NULL,NULL,NULL,NULL,'2013-03-07 00:05:51','2013-03-07 00:05:51',2),(303,40,3,NULL,NULL,NULL,NULL,NULL,'2013-03-07 00:05:51','2013-03-07 00:05:51',2),(304,40,4,NULL,NULL,NULL,NULL,NULL,'2013-03-07 00:05:51','2013-03-07 00:05:51',2),(305,41,1,NULL,NULL,NULL,NULL,NULL,'2013-03-07 00:07:27','2013-03-07 00:07:27',1),(306,41,2,NULL,NULL,NULL,NULL,NULL,'2013-03-07 00:07:27','2013-03-07 00:07:27',1),(307,41,3,NULL,NULL,NULL,NULL,NULL,'2013-03-07 00:07:27','2013-03-07 00:07:27',1),(308,41,4,NULL,NULL,NULL,NULL,NULL,'2013-03-07 00:07:27','2013-03-07 00:07:27',1),(309,41,1,NULL,NULL,NULL,NULL,NULL,'2013-03-07 00:07:27','2013-03-07 00:07:27',2),(310,41,2,NULL,NULL,NULL,NULL,NULL,'2013-03-07 00:07:27','2013-03-07 00:07:27',2),(311,41,3,NULL,NULL,NULL,NULL,NULL,'2013-03-07 00:07:27','2013-03-07 00:07:27',2),(312,41,4,NULL,NULL,NULL,NULL,NULL,'2013-03-07 00:07:27','2013-03-07 00:07:27',2),(313,42,1,NULL,NULL,NULL,NULL,NULL,'2013-03-07 00:12:32','2013-03-07 00:12:32',1),(314,42,2,NULL,NULL,NULL,NULL,NULL,'2013-03-07 00:12:32','2013-03-07 00:12:32',1),(315,42,3,NULL,NULL,NULL,NULL,NULL,'2013-03-07 00:12:32','2013-03-07 00:12:32',1),(316,42,4,NULL,NULL,NULL,NULL,NULL,'2013-03-07 00:12:32','2013-03-07 00:12:32',1),(317,42,1,NULL,NULL,NULL,NULL,NULL,'2013-03-07 00:12:32','2013-03-07 00:12:32',2),(318,42,2,NULL,NULL,NULL,NULL,NULL,'2013-03-07 00:12:32','2013-03-07 00:12:32',2),(319,42,3,NULL,NULL,NULL,NULL,NULL,'2013-03-07 00:12:32','2013-03-07 00:12:32',2),(320,42,4,NULL,NULL,NULL,NULL,NULL,'2013-03-07 00:12:32','2013-03-07 00:12:32',2),(321,43,1,NULL,NULL,NULL,NULL,NULL,'2013-03-07 14:59:45','2013-03-07 14:59:45',1),(322,43,2,NULL,NULL,NULL,NULL,NULL,'2013-03-07 14:59:45','2013-03-07 14:59:45',1),(323,43,3,NULL,NULL,NULL,NULL,NULL,'2013-03-07 14:59:45','2013-03-07 14:59:45',1),(324,43,4,NULL,NULL,NULL,NULL,NULL,'2013-03-07 14:59:45','2013-03-07 14:59:45',1),(325,43,1,NULL,NULL,NULL,NULL,NULL,'2013-03-07 14:59:45','2013-03-07 14:59:45',2),(326,43,2,NULL,NULL,NULL,NULL,NULL,'2013-03-07 14:59:45','2013-03-07 14:59:45',2),(327,43,3,NULL,NULL,NULL,NULL,NULL,'2013-03-07 14:59:45','2013-03-07 14:59:45',2),(328,43,4,NULL,NULL,NULL,NULL,NULL,'2013-03-07 14:59:45','2013-03-07 14:59:45',2),(329,44,1,NULL,NULL,NULL,NULL,NULL,'2013-03-07 15:02:04','2013-03-07 15:02:04',1),(330,44,2,NULL,NULL,NULL,NULL,NULL,'2013-03-07 15:02:04','2013-03-07 15:02:04',1),(331,44,3,NULL,NULL,NULL,NULL,NULL,'2013-03-07 15:02:04','2013-03-07 15:02:04',1),(332,44,4,NULL,NULL,NULL,NULL,NULL,'2013-03-07 15:02:04','2013-03-07 15:02:04',1),(333,44,1,NULL,NULL,NULL,NULL,NULL,'2013-03-07 15:02:04','2013-03-07 15:02:04',2),(334,44,2,NULL,NULL,NULL,NULL,NULL,'2013-03-07 15:02:04','2013-03-07 15:02:04',2),(335,44,3,NULL,NULL,NULL,NULL,NULL,'2013-03-07 15:02:04','2013-03-07 15:02:04',2),(336,44,4,NULL,NULL,NULL,NULL,NULL,'2013-03-07 15:02:04','2013-03-07 15:02:04',2),(337,45,1,NULL,NULL,NULL,NULL,NULL,'2013-03-07 15:03:50','2013-03-07 15:03:50',1),(338,45,2,NULL,NULL,NULL,NULL,NULL,'2013-03-07 15:03:50','2013-03-07 15:03:50',1),(339,45,3,NULL,NULL,NULL,NULL,NULL,'2013-03-07 15:03:50','2013-03-07 15:03:50',1),(340,45,4,NULL,NULL,NULL,NULL,NULL,'2013-03-07 15:03:50','2013-03-07 15:03:50',1),(341,45,1,NULL,NULL,NULL,NULL,NULL,'2013-03-07 15:03:50','2013-03-07 15:03:50',2),(342,45,2,NULL,NULL,NULL,NULL,NULL,'2013-03-07 15:03:50','2013-03-07 15:03:50',2),(343,45,3,NULL,NULL,NULL,NULL,NULL,'2013-03-07 15:03:50','2013-03-07 15:03:50',2),(344,45,4,NULL,NULL,NULL,NULL,NULL,'2013-03-07 15:03:50','2013-03-07 15:03:50',2),(345,46,1,NULL,NULL,NULL,NULL,NULL,'2013-03-07 15:26:49','2013-03-07 15:26:49',1),(346,46,2,NULL,NULL,NULL,NULL,NULL,'2013-03-07 15:26:49','2013-03-07 15:26:49',1),(347,46,3,NULL,NULL,NULL,NULL,NULL,'2013-03-07 15:26:49','2013-03-07 15:26:49',1),(348,46,4,NULL,NULL,NULL,NULL,NULL,'2013-03-07 15:26:49','2013-03-07 15:26:49',1),(349,46,1,NULL,NULL,NULL,NULL,NULL,'2013-03-07 15:26:49','2013-03-07 15:26:49',2),(350,46,2,NULL,NULL,NULL,NULL,NULL,'2013-03-07 15:26:49','2013-03-07 15:26:49',2),(351,46,3,NULL,NULL,NULL,NULL,NULL,'2013-03-07 15:26:49','2013-03-07 15:26:49',2),(352,46,4,NULL,NULL,NULL,NULL,NULL,'2013-03-07 15:26:49','2013-03-07 15:26:49',2),(353,47,1,NULL,NULL,NULL,NULL,NULL,'2013-03-07 15:28:39','2013-03-07 15:28:39',1),(354,47,2,NULL,NULL,NULL,NULL,NULL,'2013-03-07 15:28:39','2013-03-07 15:28:39',1),(355,47,3,NULL,NULL,NULL,NULL,NULL,'2013-03-07 15:28:39','2013-03-07 15:28:39',1),(356,47,4,NULL,NULL,NULL,NULL,NULL,'2013-03-07 15:28:39','2013-03-07 15:28:39',1),(357,47,1,NULL,NULL,NULL,NULL,NULL,'2013-03-07 15:28:39','2013-03-07 15:28:39',2),(358,47,2,NULL,NULL,NULL,NULL,NULL,'2013-03-07 15:28:39','2013-03-07 15:28:39',2),(359,47,3,NULL,NULL,NULL,NULL,NULL,'2013-03-07 15:28:39','2013-03-07 15:28:39',2),(360,47,4,NULL,NULL,NULL,NULL,NULL,'2013-03-07 15:28:39','2013-03-07 15:28:39',2),(361,48,1,NULL,NULL,NULL,NULL,NULL,'2013-03-07 17:19:14','2013-03-07 17:19:14',1),(362,48,2,NULL,NULL,NULL,NULL,NULL,'2013-03-07 17:19:14','2013-03-07 17:19:14',1),(363,48,3,NULL,NULL,NULL,NULL,NULL,'2013-03-07 17:19:14','2013-03-07 17:19:14',1),(364,48,4,NULL,NULL,NULL,NULL,NULL,'2013-03-07 17:19:14','2013-03-07 17:19:14',1),(365,48,1,NULL,NULL,NULL,NULL,NULL,'2013-03-07 17:19:14','2013-03-07 17:19:14',2),(366,48,2,NULL,NULL,NULL,NULL,NULL,'2013-03-07 17:19:14','2013-03-07 17:19:14',2),(367,48,3,NULL,NULL,NULL,NULL,NULL,'2013-03-07 17:19:14','2013-03-07 17:19:14',2),(368,48,4,NULL,NULL,NULL,NULL,NULL,'2013-03-07 17:19:14','2013-03-07 17:19:14',2),(369,49,1,NULL,NULL,NULL,NULL,NULL,'2013-03-07 17:29:05','2013-03-07 17:29:05',1),(370,49,2,NULL,NULL,NULL,NULL,NULL,'2013-03-07 17:29:05','2013-03-07 17:29:05',1),(371,49,3,NULL,NULL,NULL,NULL,NULL,'2013-03-07 17:29:05','2013-03-07 17:29:05',1),(372,49,4,NULL,NULL,NULL,NULL,NULL,'2013-03-07 17:29:05','2013-03-07 17:29:05',1),(373,49,1,NULL,NULL,NULL,NULL,NULL,'2013-03-07 17:29:05','2013-03-07 17:29:05',2),(374,49,2,NULL,NULL,NULL,NULL,NULL,'2013-03-07 17:29:05','2013-03-07 17:29:05',2),(375,49,3,NULL,NULL,NULL,NULL,NULL,'2013-03-07 17:29:05','2013-03-07 17:29:05',2),(376,49,4,NULL,NULL,NULL,NULL,NULL,'2013-03-07 17:29:05','2013-03-07 17:29:05',2),(377,50,1,NULL,NULL,NULL,NULL,NULL,'2013-03-07 21:07:00','2013-03-07 21:07:00',1),(378,50,2,NULL,NULL,NULL,NULL,NULL,'2013-03-07 21:07:00','2013-03-07 21:07:00',1),(379,50,3,NULL,NULL,NULL,NULL,NULL,'2013-03-07 21:07:00','2013-03-07 21:07:00',1),(380,50,4,NULL,NULL,NULL,NULL,NULL,'2013-03-07 21:07:00','2013-03-07 21:07:00',1),(381,50,1,NULL,NULL,NULL,NULL,NULL,'2013-03-07 21:07:00','2013-03-07 21:07:00',2),(382,50,2,NULL,NULL,NULL,NULL,NULL,'2013-03-07 21:07:00','2013-03-07 21:07:00',2),(383,50,3,NULL,NULL,NULL,NULL,NULL,'2013-03-07 21:07:00','2013-03-07 21:07:00',2),(384,50,4,NULL,NULL,NULL,NULL,NULL,'2013-03-07 21:07:00','2013-03-07 21:07:00',2),(385,51,1,'49','90','0','160',10,'2013-03-07 21:11:33','2013-03-07 21:11:33',1),(386,51,2,'93','123','0','130',4,'2013-03-07 21:11:33','2013-03-07 21:11:33',1),(387,51,3,'437','600','0','600',3,'2013-03-07 21:11:33','2013-03-07 21:11:33',1),(388,51,4,'1','4','0','18',5,'2013-03-07 21:11:33','2013-03-07 21:11:33',1),(389,51,1,NULL,NULL,NULL,NULL,NULL,'2013-03-07 21:11:33','2013-03-07 21:11:33',2),(390,51,2,NULL,NULL,NULL,NULL,NULL,'2013-03-07 21:11:33','2013-03-07 21:11:33',2),(391,51,3,NULL,NULL,NULL,NULL,NULL,'2013-03-07 21:11:33','2013-03-07 21:11:33',2),(392,51,4,NULL,NULL,NULL,NULL,NULL,'2013-03-07 21:11:33','2013-03-07 21:11:33',2),(393,52,1,'49','90','0','160',10,'2013-03-08 14:26:09','2013-03-08 14:26:09',1),(394,52,2,'93','123','0','130',4,'2013-03-08 14:26:09','2013-03-08 14:26:09',1),(395,52,3,'437','600','0','600',3,'2013-03-08 14:26:09','2013-03-08 14:26:09',1),(396,52,4,'1','4','0','18',5,'2013-03-08 14:26:09','2013-03-08 14:26:09',1),(397,52,1,NULL,NULL,NULL,NULL,NULL,'2013-03-08 14:26:09','2013-03-08 14:26:09',2),(398,52,2,NULL,NULL,NULL,NULL,NULL,'2013-03-08 14:26:09','2013-03-08 14:26:09',2),(399,52,3,NULL,NULL,NULL,NULL,NULL,'2013-03-08 14:26:09','2013-03-08 14:26:09',2),(400,52,4,NULL,NULL,NULL,NULL,NULL,'2013-03-08 14:26:09','2013-03-08 14:26:09',2),(401,53,1,'49','90','0','160',10,'2013-03-08 14:35:12','2013-03-08 14:35:12',1),(402,53,2,'93','123','0','130',4,'2013-03-08 14:35:12','2013-03-08 14:35:12',1),(403,53,3,'437','600','0','600',3,'2013-03-08 14:35:12','2013-03-08 14:35:12',1),(404,53,4,'1','4','0','18',5,'2013-03-08 14:35:12','2013-03-08 14:35:12',1),(405,53,1,'63','148','0','160',5,'2013-03-08 14:35:12','2013-03-08 14:35:12',2),(406,53,2,'28','102','0','130',7,'2013-03-08 14:35:12','2013-03-08 14:35:12',2),(407,53,3,'291','454','0','600',3,'2013-03-08 14:35:12','2013-03-08 14:35:12',2),(408,53,4,'6','9','0','18',5,'2013-03-08 14:35:12','2013-03-08 14:35:12',2),(409,54,1,'49','90','0','160',10,'2013-03-08 14:50:24','2013-03-08 14:50:24',1),(410,54,2,'93','123','0','130',4,'2013-03-08 14:50:24','2013-03-08 14:50:24',1),(411,54,3,'437','600','0','600',3,'2013-03-08 14:50:24','2013-03-08 14:50:24',1),(412,54,4,'1','4','0','18',5,'2013-03-08 14:50:24','2013-03-08 14:50:24',1),(413,54,1,NULL,NULL,NULL,NULL,NULL,'2013-03-08 14:50:24','2013-03-08 14:50:24',2),(414,54,2,NULL,NULL,NULL,NULL,NULL,'2013-03-08 14:50:24','2013-03-08 14:50:24',2),(415,54,3,NULL,NULL,NULL,NULL,NULL,'2013-03-08 14:50:24','2013-03-08 14:50:24',2),(416,54,4,NULL,NULL,NULL,NULL,NULL,'2013-03-08 14:50:24','2013-03-08 14:50:24',2),(417,55,1,'49','90','0','160',10,'2013-03-08 15:09:42','2013-03-08 15:09:43',1),(418,55,2,'93','123','0','130',4,'2013-03-08 15:09:42','2013-03-08 15:09:43',1),(419,55,3,'437','600','0','600',3,'2013-03-08 15:09:42','2013-03-08 15:09:43',1),(420,55,4,'1','4','0','18',5,'2013-03-08 15:09:42','2013-03-08 15:09:43',1),(421,55,1,NULL,NULL,NULL,NULL,NULL,'2013-03-08 15:09:42','2013-03-08 15:09:42',2),(422,55,2,NULL,NULL,NULL,NULL,NULL,'2013-03-08 15:09:42','2013-03-08 15:09:42',2),(423,55,3,NULL,NULL,NULL,NULL,NULL,'2013-03-08 15:09:42','2013-03-08 15:09:42',2),(424,55,4,NULL,NULL,NULL,NULL,NULL,'2013-03-08 15:09:42','2013-03-08 15:09:42',2),(425,56,1,'49','90','0','160',10,'2013-03-08 15:16:02','2013-03-08 15:16:02',1),(426,56,2,'93','123','0','130',4,'2013-03-08 15:16:02','2013-03-08 15:16:02',1),(427,56,3,'437','600','0','600',3,'2013-03-08 15:16:02','2013-03-08 15:16:02',1),(428,56,4,'1','4','0','18',5,'2013-03-08 15:16:02','2013-03-08 15:16:02',1),(429,56,1,NULL,NULL,NULL,NULL,NULL,'2013-03-08 15:16:02','2013-03-08 15:16:02',2),(430,56,2,NULL,NULL,NULL,NULL,NULL,'2013-03-08 15:16:02','2013-03-08 15:16:02',2),(431,56,3,NULL,NULL,NULL,NULL,NULL,'2013-03-08 15:16:02','2013-03-08 15:16:02',2),(432,56,4,NULL,NULL,NULL,NULL,NULL,'2013-03-08 15:16:02','2013-03-08 15:16:02',2),(433,57,1,'49','90','0','160',10,'2013-03-08 15:50:39','2013-03-08 15:50:39',1),(434,57,2,'93','123','0','130',4,'2013-03-08 15:50:39','2013-03-08 15:50:39',1),(435,57,3,'437','600','0','600',3,'2013-03-08 15:50:39','2013-03-08 15:50:39',1),(436,57,4,'1','4','0','18',5,'2013-03-08 15:50:39','2013-03-08 15:50:39',1),(437,57,1,NULL,NULL,NULL,NULL,NULL,'2013-03-08 15:50:39','2013-03-08 15:50:39',2),(438,57,2,NULL,NULL,NULL,NULL,NULL,'2013-03-08 15:50:39','2013-03-08 15:50:39',2),(439,57,3,NULL,NULL,NULL,NULL,NULL,'2013-03-08 15:50:39','2013-03-08 15:50:39',2),(440,57,4,NULL,NULL,NULL,NULL,NULL,'2013-03-08 15:50:39','2013-03-08 15:50:39',2),(441,58,1,'49','90','0','160',10,'2013-03-08 15:54:33','2013-03-08 15:54:33',1),(442,58,2,'93','123','0','130',4,'2013-03-08 15:54:33','2013-03-08 15:54:33',1),(443,58,3,'437','600','0','600',3,'2013-03-08 15:54:33','2013-03-08 15:54:33',1),(444,58,4,'1','4','0','18',5,'2013-03-08 15:54:33','2013-03-08 15:54:33',1),(445,58,1,NULL,NULL,NULL,NULL,NULL,'2013-03-08 15:54:33','2013-03-08 15:54:33',2),(446,58,2,NULL,NULL,NULL,NULL,NULL,'2013-03-08 15:54:33','2013-03-08 15:54:33',2),(447,58,3,NULL,NULL,NULL,NULL,NULL,'2013-03-08 15:54:33','2013-03-08 15:54:33',2),(448,58,4,NULL,NULL,NULL,NULL,NULL,'2013-03-08 15:54:33','2013-03-08 15:54:33',2),(449,59,1,'49','90','0','160',10,'2013-03-08 16:14:51','2013-03-08 16:14:52',1),(450,59,2,'93','123','0','130',4,'2013-03-08 16:14:51','2013-03-08 16:14:52',1),(451,59,3,'437','600','0','600',3,'2013-03-08 16:14:51','2013-03-08 16:14:52',1),(452,59,4,'1','4','0','18',5,'2013-03-08 16:14:51','2013-03-08 16:14:52',1),(453,59,1,NULL,NULL,NULL,NULL,NULL,'2013-03-08 16:14:51','2013-03-08 16:14:51',2),(454,59,2,NULL,NULL,NULL,NULL,NULL,'2013-03-08 16:14:51','2013-03-08 16:14:51',2),(455,59,3,NULL,NULL,NULL,NULL,NULL,'2013-03-08 16:14:51','2013-03-08 16:14:51',2),(456,59,4,NULL,NULL,NULL,NULL,NULL,'2013-03-08 16:14:51','2013-03-08 16:14:51',2),(457,60,1,'49','90','0','160',10,'2013-03-08 16:16:21','2013-03-08 16:16:21',1),(458,60,2,'93','123','0','130',4,'2013-03-08 16:16:21','2013-03-08 16:16:21',1),(459,60,3,'437','600','0','600',3,'2013-03-08 16:16:21','2013-03-08 16:16:21',1),(460,60,4,'1','4','0','18',5,'2013-03-08 16:16:21','2013-03-08 16:16:21',1),(461,60,1,NULL,NULL,NULL,NULL,NULL,'2013-03-08 16:16:21','2013-03-08 16:16:21',2),(462,60,2,NULL,NULL,NULL,NULL,NULL,'2013-03-08 16:16:21','2013-03-08 16:16:21',2),(463,60,3,NULL,NULL,NULL,NULL,NULL,'2013-03-08 16:16:21','2013-03-08 16:16:21',2),(464,60,4,NULL,NULL,NULL,NULL,NULL,'2013-03-08 16:16:21','2013-03-08 16:16:21',2),(465,61,1,'49','90','0','160',10,'2013-03-08 16:28:34','2013-03-08 16:28:34',1),(466,61,2,'93','123','0','130',4,'2013-03-08 16:28:34','2013-03-08 16:28:34',1),(467,61,3,'437','600','0','600',3,'2013-03-08 16:28:34','2013-03-08 16:28:34',1),(468,61,4,'1','4','0','18',5,'2013-03-08 16:28:34','2013-03-08 16:28:34',1),(469,61,1,'49','90','0','160',10,'2013-03-08 16:28:34','2013-03-08 16:28:34',2),(470,61,2,'93','123','0','130',4,'2013-03-08 16:28:34','2013-03-08 16:28:34',2),(471,61,3,'437','600','0','600',3,'2013-03-08 16:28:34','2013-03-08 16:28:34',2),(472,61,4,'1','4','0','18',5,'2013-03-08 16:28:34','2013-03-08 16:28:34',2),(473,62,1,'49','90','0','160',10,'2013-03-08 16:32:41','2013-03-08 16:32:41',1),(474,62,2,'93','123','0','130',4,'2013-03-08 16:32:41','2013-03-08 16:32:41',1),(475,62,3,'437','600','0','600',3,'2013-03-08 16:32:41','2013-03-08 16:32:41',1),(476,62,4,'1','4','0','18',5,'2013-03-08 16:32:41','2013-03-08 16:32:41',1),(477,62,1,'49','90','0','160',10,'2013-03-08 16:32:41','2013-03-08 16:32:41',2),(478,62,2,'93','123','0','130',4,'2013-03-08 16:32:41','2013-03-08 16:32:41',2),(479,62,3,'437','600','0','600',3,'2013-03-08 16:32:41','2013-03-08 16:32:41',2),(480,62,4,'1','4','0','18',5,'2013-03-08 16:32:41','2013-03-08 16:32:41',2),(481,63,1,NULL,NULL,NULL,NULL,NULL,'2013-03-08 16:42:35','2013-03-08 16:42:35',1),(482,63,2,NULL,NULL,NULL,NULL,NULL,'2013-03-08 16:42:35','2013-03-08 16:42:35',1),(483,63,3,NULL,NULL,NULL,NULL,NULL,'2013-03-08 16:42:35','2013-03-08 16:42:35',1),(484,63,4,NULL,NULL,NULL,NULL,NULL,'2013-03-08 16:42:35','2013-03-08 16:42:35',1),(485,63,1,NULL,NULL,NULL,NULL,NULL,'2013-03-08 16:42:35','2013-03-08 16:42:35',2),(486,63,2,NULL,NULL,NULL,NULL,NULL,'2013-03-08 16:42:35','2013-03-08 16:42:35',2),(487,63,3,NULL,NULL,NULL,NULL,NULL,'2013-03-08 16:42:35','2013-03-08 16:42:35',2),(488,63,4,NULL,NULL,NULL,NULL,NULL,'2013-03-08 16:42:35','2013-03-08 16:42:35',2),(489,64,1,'49','90','0','160',10,'2013-03-08 16:47:33','2013-03-08 16:47:33',1),(490,64,2,'93','123','0','130',4,'2013-03-08 16:47:33','2013-03-08 16:47:33',1),(491,64,3,'437','600','0','600',3,'2013-03-08 16:47:33','2013-03-08 16:47:33',1),(492,64,4,'1','4','0','18',5,'2013-03-08 16:47:33','2013-03-08 16:47:33',1),(493,64,1,'49','90','0','160',10,'2013-03-08 16:47:33','2013-03-08 16:47:33',2),(494,64,2,'93','123','0','130',4,'2013-03-08 16:47:33','2013-03-08 16:47:33',2),(495,64,3,'437','600','0','600',3,'2013-03-08 16:47:33','2013-03-08 16:47:33',2),(496,64,4,'1','4','0','18',5,'2013-03-08 16:47:33','2013-03-08 16:47:33',2),(497,65,1,'49','90','0','160',10,'2013-03-08 16:48:48','2013-03-08 16:48:48',1),(498,65,2,'93','123','0','130',4,'2013-03-08 16:48:48','2013-03-08 16:48:48',1),(499,65,3,'437','600','0','600',3,'2013-03-08 16:48:48','2013-03-08 16:48:48',1),(500,65,4,'1','4','0','18',5,'2013-03-08 16:48:48','2013-03-08 16:48:48',1),(501,65,1,'49','90','0','160',10,'2013-03-08 16:48:48','2013-03-08 16:48:48',2),(502,65,2,'93','123','0','130',4,'2013-03-08 16:48:48','2013-03-08 16:48:48',2),(503,65,3,'437','600','0','600',3,'2013-03-08 16:48:48','2013-03-08 16:48:48',2),(504,65,4,'1','4','0','18',5,'2013-03-08 16:48:48','2013-03-08 16:48:48',2),(505,66,1,'49','90','0','160',10,'2013-03-08 16:54:05','2013-03-08 16:54:05',1),(506,66,2,'93','123','0','130',4,'2013-03-08 16:54:05','2013-03-08 16:54:05',1),(507,66,3,'437','600','0','600',3,'2013-03-08 16:54:05','2013-03-08 16:54:05',1),(508,66,4,'1','4','0','18',5,'2013-03-08 16:54:05','2013-03-08 16:54:05',1),(509,66,1,'63','148','0','160',5,'2013-03-08 16:54:05','2013-03-08 16:54:05',2),(510,66,2,'28','102','0','130',7,'2013-03-08 16:54:05','2013-03-08 16:54:05',2),(511,66,3,'291','454','0','600',3,'2013-03-08 16:54:05','2013-03-08 16:54:05',2),(512,66,4,'6','9','0','18',5,'2013-03-08 16:54:05','2013-03-08 16:54:05',2),(513,67,1,'49','90','0','160',10,'2013-03-08 17:01:55','2013-03-08 17:01:55',1),(514,67,2,'93','123','0','130',4,'2013-03-08 17:01:55','2013-03-08 17:01:55',1),(515,67,3,'437','600','0','600',3,'2013-03-08 17:01:55','2013-03-08 17:01:55',1),(516,67,4,'1','4','0','18',5,'2013-03-08 17:01:55','2013-03-08 17:01:55',1),(517,67,1,'63','148','0','160',5,'2013-03-08 17:01:55','2013-03-08 17:01:55',2),(518,67,2,'28','102','0','130',7,'2013-03-08 17:01:55','2013-03-08 17:01:55',2),(519,67,3,'291','454','0','600',3,'2013-03-08 17:01:55','2013-03-08 17:01:55',2),(520,67,4,'6','9','0','18',5,'2013-03-08 17:01:55','2013-03-08 17:01:55',2),(521,68,1,'49','90','0','160',10,'2013-03-08 17:05:56','2013-03-08 17:05:56',1),(522,68,2,'93','123','0','130',4,'2013-03-08 17:05:56','2013-03-08 17:05:56',1),(523,68,3,'437','600','0','600',3,'2013-03-08 17:05:56','2013-03-08 17:05:56',1),(524,68,4,'1','4','0','18',5,'2013-03-08 17:05:56','2013-03-08 17:05:56',1),(525,68,1,'63','148','0','160',5,'2013-03-08 17:05:56','2013-03-08 17:05:56',2),(526,68,2,'28','102','0','130',7,'2013-03-08 17:05:56','2013-03-08 17:05:56',2),(527,68,3,'291','454','0','600',3,'2013-03-08 17:05:56','2013-03-08 17:05:56',2),(528,68,4,'6','9','0','18',5,'2013-03-08 17:05:56','2013-03-08 17:05:56',2),(529,69,1,'49','90','0','160',10,'2013-03-15 14:44:48','2013-03-15 14:44:48',1),(530,69,2,'93','123','0','130',4,'2013-03-15 14:44:48','2013-03-15 14:44:48',1),(531,69,3,'437','600','0','600',3,'2013-03-15 14:44:48','2013-03-15 14:44:48',1),(532,69,4,'1','4','0','18',5,'2013-03-15 14:44:48','2013-03-15 14:44:48',1),(533,69,1,'63','148','0','160',5,'2013-03-15 14:44:48','2013-03-15 14:44:48',2),(534,69,2,'28','102','0','130',7,'2013-03-15 14:44:48','2013-03-15 14:44:48',2),(535,69,3,'291','454','0','600',3,'2013-03-15 14:44:48','2013-03-15 14:44:48',2),(536,69,4,'6','9','0','18',5,'2013-03-15 14:44:48','2013-03-15 14:44:48',2),(537,70,1,'49','90','0','160',10,'2013-03-15 15:05:13','2013-03-15 15:05:13',1),(538,70,2,'93','123','0','130',4,'2013-03-15 15:05:13','2013-03-15 15:05:13',1),(539,70,3,'437','600','0','600',3,'2013-03-15 15:05:13','2013-03-15 15:05:13',1),(540,70,4,'1','4','0','18',5,'2013-03-15 15:05:13','2013-03-15 15:05:13',1),(541,70,1,'63','148','0','160',5,'2013-03-15 15:05:13','2013-03-15 15:05:13',2),(542,70,2,'28','102','0','130',7,'2013-03-15 15:05:13','2013-03-15 15:05:13',2),(543,70,3,'291','454','0','600',3,'2013-03-15 15:05:13','2013-03-15 15:05:13',2),(544,70,4,'6','9','0','18',5,'2013-03-15 15:05:13','2013-03-15 15:05:13',2),(545,71,1,'49','90','0','160',10,'2013-03-15 15:11:56','2013-03-15 15:11:56',1),(546,71,2,'93','123','0','130',4,'2013-03-15 15:11:56','2013-03-15 15:11:56',1),(547,71,3,'437','600','0','600',3,'2013-03-15 15:11:56','2013-03-15 15:11:56',1),(548,71,4,'1','4','0','18',5,'2013-03-15 15:11:56','2013-03-15 15:11:56',1),(549,71,1,'63','148','0','160',5,'2013-03-15 15:11:56','2013-03-15 15:11:56',2),(550,71,2,'28','102','0','130',7,'2013-03-15 15:11:56','2013-03-15 15:11:56',2),(551,71,3,'291','454','0','600',3,'2013-03-15 15:11:56','2013-03-15 15:11:56',2),(552,71,4,'6','9','0','18',5,'2013-03-15 15:11:56','2013-03-15 15:11:56',2),(553,72,1,'49','90','0','160',10,'2013-03-15 15:13:02','2013-03-15 15:13:02',1),(554,72,2,'93','123','0','130',4,'2013-03-15 15:13:02','2013-03-15 15:13:02',1),(555,72,3,'437','600','0','600',3,'2013-03-15 15:13:02','2013-03-15 15:13:02',1),(556,72,4,'1','4','0','18',5,'2013-03-15 15:13:02','2013-03-15 15:13:02',1),(557,72,1,'63','148','0','160',5,'2013-03-15 15:13:02','2013-03-15 15:13:02',2),(558,72,2,'28','102','0','130',7,'2013-03-15 15:13:02','2013-03-15 15:13:02',2),(559,72,3,'291','454','0','600',3,'2013-03-15 15:13:02','2013-03-15 15:13:02',2),(560,72,4,'6','9','0','18',5,'2013-03-15 15:13:02','2013-03-15 15:13:02',2),(561,73,1,'49','90','0','160',10,'2013-03-15 16:47:54','2013-03-15 16:47:54',1),(562,73,2,'93','123','0','130',4,'2013-03-15 16:47:54','2013-03-15 16:47:54',1),(563,73,3,'437','600','0','600',3,'2013-03-15 16:47:54','2013-03-15 16:47:54',1),(564,73,4,'1','4','0','18',5,'2013-03-15 16:47:54','2013-03-15 16:47:54',1),(565,73,1,'63','148','0','160',5,'2013-03-15 16:47:54','2013-03-15 16:47:54',2),(566,73,2,'28','102','0','130',7,'2013-03-15 16:47:54','2013-03-15 16:47:54',2),(567,73,3,'291','454','0','600',3,'2013-03-15 16:47:54','2013-03-15 16:47:54',2),(568,73,4,'6','9','0','18',5,'2013-03-15 16:47:54','2013-03-15 16:47:54',2),(569,74,1,'49','90','0','160',10,'2013-03-15 16:53:35','2013-03-15 16:53:35',1),(570,74,2,'93','123','0','130',4,'2013-03-15 16:53:35','2013-03-15 16:53:35',1),(571,74,3,'437','600','0','600',3,'2013-03-15 16:53:35','2013-03-15 16:53:35',1),(572,74,4,'1','4','0','18',5,'2013-03-15 16:53:35','2013-03-15 16:53:35',1),(573,74,1,'63','148','0','160',5,'2013-03-15 16:53:35','2013-03-15 16:53:35',2),(574,74,2,'28','102','0','130',7,'2013-03-15 16:53:35','2013-03-15 16:53:35',2),(575,74,3,'291','454','0','600',3,'2013-03-15 16:53:35','2013-03-15 16:53:35',2),(576,74,4,'6','9','0','18',5,'2013-03-15 16:53:35','2013-03-15 16:53:35',2),(577,75,1,'49','90','0','160',10,'2013-03-15 16:56:55','2013-03-15 16:56:55',1),(578,75,2,'93','123','0','130',4,'2013-03-15 16:56:55','2013-03-15 16:56:55',1),(579,75,3,'437','600','0','600',3,'2013-03-15 16:56:55','2013-03-15 16:56:55',1),(580,75,4,'1','4','0','18',5,'2013-03-15 16:56:55','2013-03-15 16:56:55',1),(581,75,1,'63','148','0','160',5,'2013-03-15 16:56:55','2013-03-15 16:56:55',2),(582,75,2,'28','102','0','130',7,'2013-03-15 16:56:55','2013-03-15 16:56:55',2),(583,75,3,'291','454','0','600',3,'2013-03-15 16:56:55','2013-03-15 16:56:55',2),(584,75,4,'6','9','0','18',5,'2013-03-15 16:56:55','2013-03-15 16:56:55',2),(585,76,1,'49','90','0','160',10,'2013-03-15 17:13:41','2013-03-15 17:13:41',1),(586,76,2,'93','123','0','130',4,'2013-03-15 17:13:41','2013-03-15 17:13:41',1),(587,76,3,'437','600','0','600',3,'2013-03-15 17:13:41','2013-03-15 17:13:41',1),(588,76,4,'1','4','0','18',5,'2013-03-15 17:13:41','2013-03-15 17:13:41',1),(589,76,1,'63','148','0','160',5,'2013-03-15 17:13:41','2013-03-15 17:13:41',2),(590,76,2,'28','102','0','130',7,'2013-03-15 17:13:41','2013-03-15 17:13:41',2),(591,76,3,'291','454','0','600',3,'2013-03-15 17:13:41','2013-03-15 17:13:41',2),(592,76,4,'6','9','0','18',5,'2013-03-15 17:13:41','2013-03-15 17:13:41',2),(593,77,1,'49','90','0','160',10,'2013-03-15 17:14:47','2013-03-15 17:14:47',1),(594,77,2,'93','123','0','130',4,'2013-03-15 17:14:47','2013-03-15 17:14:47',1),(595,77,3,'437','600','0','600',3,'2013-03-15 17:14:47','2013-03-15 17:14:47',1),(596,77,4,'1','4','0','18',5,'2013-03-15 17:14:47','2013-03-15 17:14:47',1),(597,77,1,'63','148','0','160',5,'2013-03-15 17:14:47','2013-03-15 17:14:47',2),(598,77,2,'28','102','0','130',7,'2013-03-15 17:14:47','2013-03-15 17:14:47',2),(599,77,3,'291','454','0','600',3,'2013-03-15 17:14:47','2013-03-15 17:14:47',2),(600,77,4,'6','9','0','18',5,'2013-03-15 17:14:47','2013-03-15 17:14:47',2),(601,78,1,'49','90','0','160',10,'2013-03-15 18:38:21','2013-03-15 18:38:21',1),(602,78,2,'93','123','0','130',4,'2013-03-15 18:38:21','2013-03-15 18:38:21',1),(603,78,3,'437','600','0','600',3,'2013-03-15 18:38:21','2013-03-15 18:38:21',1),(604,78,4,'1','4','0','18',5,'2013-03-15 18:38:21','2013-03-15 18:38:21',1),(605,78,1,'63','148','0','160',5,'2013-03-15 18:38:21','2013-03-15 18:38:21',2),(606,78,2,'28','102','0','130',7,'2013-03-15 18:38:21','2013-03-15 18:38:21',2),(607,78,3,'291','454','0','600',3,'2013-03-15 18:38:21','2013-03-15 18:38:21',2),(608,78,4,'6','9','0','18',5,'2013-03-15 18:38:21','2013-03-15 18:38:21',2),(609,79,1,'49','90','0','160',10,'2013-03-15 19:14:04','2013-03-15 19:14:04',1),(610,79,2,'93','123','0','130',4,'2013-03-15 19:14:04','2013-03-15 19:14:04',1),(611,79,3,'437','600','0','600',3,'2013-03-15 19:14:04','2013-03-15 19:14:04',1),(612,79,4,'1','4','0','18',5,'2013-03-15 19:14:04','2013-03-15 19:14:04',1),(613,79,1,'28','102','0','130',7,'2013-03-15 19:14:04','2013-03-15 19:14:04',2),(614,79,2,'291','454','0','600',3,'2013-03-15 19:14:04','2013-03-15 19:14:04',2),(615,79,3,'6','9','0','18',5,'2013-03-15 19:14:04','2013-03-15 19:14:04',2),(616,79,4,NULL,NULL,NULL,NULL,NULL,'2013-03-15 19:14:04','2013-03-15 19:14:04',2),(617,80,1,'49','90','0','160',10,'2013-03-15 19:16:20','2013-03-15 19:16:20',1),(618,80,2,'93','123','0','130',4,'2013-03-15 19:16:20','2013-03-15 19:16:20',1),(619,80,3,'437','600','0','600',3,'2013-03-15 19:16:20','2013-03-15 19:16:20',1),(620,80,4,'1','4','0','18',5,'2013-03-15 19:16:20','2013-03-15 19:16:20',1),(621,80,1,'28','102','0','130',7,'2013-03-15 19:16:20','2013-03-15 19:16:20',2),(622,80,2,'291','454','0','600',3,'2013-03-15 19:16:20','2013-03-15 19:16:20',2),(623,80,3,'6','9','0','18',5,'2013-03-15 19:16:20','2013-03-15 19:16:20',2),(624,80,4,NULL,NULL,NULL,NULL,NULL,'2013-03-15 19:16:20','2013-03-15 19:16:20',2),(625,81,1,'49','90','0','160',10,'2013-03-15 19:33:23','2013-03-15 19:33:23',1),(626,81,2,'93','123','0','130',4,'2013-03-15 19:33:23','2013-03-15 19:33:23',1),(627,81,3,'437','600','0','600',3,'2013-03-15 19:33:23','2013-03-15 19:33:23',1),(628,81,4,'1','4','0','18',5,'2013-03-15 19:33:23','2013-03-15 19:33:23',1),(629,81,1,'63','148','0','160',5,'2013-03-15 19:33:23','2013-03-15 19:33:23',2),(630,81,2,'28','102','0','130',7,'2013-03-15 19:33:23','2013-03-15 19:33:23',2),(631,81,3,'291','454','0','600',3,'2013-03-15 19:33:23','2013-03-15 19:33:23',2),(632,81,4,'6','9','0','18',5,'2013-03-15 19:33:23','2013-03-15 19:33:23',2),(633,82,1,'49','90','0','160',10,'2013-03-15 19:38:25','2013-03-15 19:38:25',1),(634,82,2,'93','123','0','130',4,'2013-03-15 19:38:25','2013-03-15 19:38:25',1),(635,82,3,'437','600','0','600',3,'2013-03-15 19:38:25','2013-03-15 19:38:25',1),(636,82,4,'1','4','0','18',5,'2013-03-15 19:38:25','2013-03-15 19:38:25',1),(637,82,1,'63','148','0','160',5,'2013-03-15 19:38:25','2013-03-15 19:38:25',2),(638,82,2,'28','102','0','130',7,'2013-03-15 19:38:25','2013-03-15 19:38:25',2),(639,82,3,'28','102','0','130',7,'2013-03-15 19:38:25','2013-03-15 19:38:25',2),(640,82,4,'291','454','0','600',3,'2013-03-15 19:38:25','2013-03-15 19:38:25',2),(641,83,1,'49','90','0','160',10,'2013-03-15 19:45:11','2013-03-15 19:45:11',1),(642,83,2,'93','123','0','130',4,'2013-03-15 19:45:11','2013-03-15 19:45:11',1),(643,83,3,'437','600','0','600',3,'2013-03-15 19:45:11','2013-03-15 19:45:11',1),(644,83,4,'1','4','0','18',5,'2013-03-15 19:45:11','2013-03-15 19:45:11',1),(645,83,1,'63','148','0','160',5,'2013-03-15 19:45:11','2013-03-15 19:45:11',2),(646,83,2,'28','102','0','130',7,'2013-03-15 19:45:11','2013-03-15 19:45:11',2),(647,83,3,'291','454','0','600',3,'2013-03-15 19:45:11','2013-03-15 19:45:11',2),(648,83,4,'6','9','0','18',5,'2013-03-15 19:45:11','2013-03-15 19:45:11',2),(649,84,1,'49','90','0','160',10,'2013-03-15 19:49:08','2013-03-15 19:49:08',1),(650,84,2,'93','123','0','130',4,'2013-03-15 19:49:08','2013-03-15 19:49:08',1),(651,84,3,'437','600','0','600',3,'2013-03-15 19:49:08','2013-03-15 19:49:08',1),(652,84,4,'1','4','0','18',5,'2013-03-15 19:49:08','2013-03-15 19:49:08',1),(653,84,1,'63','148','0','160',5,'2013-03-15 19:49:08','2013-03-15 19:49:08',2),(654,84,2,'28','102','0','130',7,'2013-03-15 19:49:08','2013-03-15 19:49:08',2),(655,84,3,'291','454','0','600',3,'2013-03-15 19:49:08','2013-03-15 19:49:08',2),(656,84,4,'6','9','0','18',5,'2013-03-15 19:49:08','2013-03-15 19:49:08',2);
/*!40000 ALTER TABLE `contributions` ENABLE KEYS */;
UNLOCK TABLES;

--
-- Table structure for table `demographics`
--

DROP TABLE IF EXISTS `demographics`;
/*!40101 SET @saved_cs_client     = @@character_set_client */;
/*!40101 SET character_set_client = utf8 */;
CREATE TABLE `demographics` (
  `id` int(11) NOT NULL AUTO_INCREMENT,
  `gender` varchar(255) DEFAULT NULL,
  `created_at` datetime NOT NULL,
  `updated_at` datetime NOT NULL,
  `age_ranges_id` int(11) DEFAULT NULL,
  PRIMARY KEY (`id`)
) ENGINE=InnoDB AUTO_INCREMENT=3 DEFAULT CHARSET=latin1;
/*!40101 SET character_set_client = @saved_cs_client */;

--
-- Dumping data for table `demographics`
--

LOCK TABLES `demographics` WRITE;
/*!40000 ALTER TABLE `demographics` DISABLE KEYS */;
INSERT INTO `demographics` VALUES (1,'male','2013-02-18 14:59:36','2013-02-18 14:59:37',1),(2,'female','2013-02-18 14:59:50','2013-02-18 14:59:52',1);
/*!40000 ALTER TABLE `demographics` ENABLE KEYS */;
UNLOCK TABLES;

--
-- Table structure for table `metrics`
--

DROP TABLE IF EXISTS `metrics`;
/*!40101 SET @saved_cs_client     = @@character_set_client */;
/*!40101 SET character_set_client = utf8 */;
CREATE TABLE `metrics` (
  `id` int(11) NOT NULL AUTO_INCREMENT,
  `name` varchar(255) DEFAULT NULL,
  `unit` varchar(255) DEFAULT NULL,
  `created_at` datetime NOT NULL,
  `updated_at` datetime NOT NULL,
  PRIMARY KEY (`id`)
) ENGINE=InnoDB AUTO_INCREMENT=13 DEFAULT CHARSET=latin1;
/*!40101 SET character_set_client = @saved_cs_client */;

--
-- Dumping data for table `metrics`
--

LOCK TABLES `metrics` WRITE;
/*!40000 ALTER TABLE `metrics` DISABLE KEYS */;
INSERT INTO `metrics` VALUES (1,'LDL','mg/dl','2013-02-12 01:30:13','2013-02-12 01:30:13'),(2,'HDL','mg/dl','2013-02-12 01:30:13','2013-02-12 01:30:13'),(3,'Triglycerides','mg/dl','2013-02-12 01:30:13','2013-02-12 01:30:13'),(4,'Sleep','hours/night','2013-02-12 01:30:13','2013-02-12 01:30:13'),(5,'LDL','mg/dl','2013-02-12 01:32:54','2013-02-12 01:32:54'),(6,'HDL','mg/dl','2013-02-12 01:32:54','2013-02-12 01:32:54'),(7,'Triglycerides','mg/dl','2013-02-12 01:32:54','2013-02-12 01:32:54'),(8,'Sleep','hours/night','2013-02-12 01:32:54','2013-02-12 01:32:54'),(9,'LDL','mg/dl','2013-02-12 01:35:57','2013-02-12 01:35:57'),(10,'HDL','mg/dl','2013-02-12 01:35:57','2013-02-12 01:35:57'),(11,'Triglycerides','mg/dl','2013-02-12 01:35:57','2013-02-12 01:35:57'),(12,'Sleep','hours/night','2013-02-12 01:35:57','2013-02-12 01:35:57');
/*!40000 ALTER TABLE `metrics` ENABLE KEYS */;
UNLOCK TABLES;

--
-- Table structure for table `schema_migrations`
--

DROP TABLE IF EXISTS `schema_migrations`;
/*!40101 SET @saved_cs_client     = @@character_set_client */;
/*!40101 SET character_set_client = utf8 */;
CREATE TABLE `schema_migrations` (
  `version` varchar(255) NOT NULL,
  UNIQUE KEY `unique_schema_migrations` (`version`)
) ENGINE=InnoDB DEFAULT CHARSET=latin1;
/*!40101 SET character_set_client = @saved_cs_client */;

--
-- Dumping data for table `schema_migrations`
--

LOCK TABLES `schema_migrations` WRITE;
/*!40000 ALTER TABLE `schema_migrations` DISABLE KEYS */;
INSERT INTO `schema_migrations` VALUES ('20130211214156'),('20130211214221'),('20130211214319'),('20130211215510'),('20130211223441'),('20130212003231'),('20130212003901'),('20130213190849'),('20130213191346'),('20130213192205'),('20130213192911'),('20130214222723');
/*!40000 ALTER TABLE `schema_migrations` ENABLE KEYS */;
UNLOCK TABLES;

--
-- Table structure for table `submissions`
--

DROP TABLE IF EXISTS `submissions`;
/*!40101 SET @saved_cs_client     = @@character_set_client */;
/*!40101 SET character_set_client = utf8 */;
CREATE TABLE `submissions` (
  `id` int(11) NOT NULL AUTO_INCREMENT,
  `user_id` int(11) DEFAULT NULL,
  `message` text,
  `created_at` datetime NOT NULL,
  `updated_at` datetime NOT NULL,
  PRIMARY KEY (`id`),
  KEY `index_submissions_on_user_id` (`user_id`)
) ENGINE=InnoDB AUTO_INCREMENT=85 DEFAULT CHARSET=latin1;
/*!40101 SET character_set_client = @saved_cs_client */;

--
-- Dumping data for table `submissions`
--

LOCK TABLES `submissions` WRITE;
/*!40000 ALTER TABLE `submissions` DISABLE KEYS */;
INSERT INTO `submissions` VALUES (1,1,'ksfjglkdsfj','2013-02-12 01:35:57','2013-03-08 14:24:39'),(5,2,'Here is a message','2013-02-25 22:01:35','2013-02-26 22:41:57'),(9,3,'Hello world of hGraph and Stuff!','2013-02-25 22:18:16','2013-02-26 22:44:07'),(10,4,NULL,'2013-02-25 22:19:27','2013-02-25 22:19:27'),(11,5,'tweterter','2013-02-26 22:53:42','2013-03-06 17:57:57'),(12,6,NULL,'2013-02-26 22:56:29','2013-02-26 22:56:29'),(13,7,'','2013-02-26 23:18:46','2013-02-26 23:19:44'),(14,8,'Double Booya!','2013-02-27 01:00:10','2013-02-27 01:03:02'),(15,9,NULL,'2013-03-04 22:32:48','2013-03-04 22:32:48'),(16,10,NULL,'2013-03-04 22:33:26','2013-03-04 22:33:26'),(17,11,'dsadfs','2013-03-05 15:08:26','2013-03-05 15:09:41'),(18,12,'teiuieuojksdc','2013-03-05 15:22:38','2013-03-05 15:22:38'),(19,13,'sadfasfasd','2013-03-06 20:07:19','2013-03-06 20:07:19'),(20,14,'dgsdfgsdfgsdfg','2013-03-06 20:14:01','2013-03-06 20:14:01'),(21,15,'sadfasdfasdf','2013-03-06 20:21:27','2013-03-06 20:21:27'),(22,16,'asdfsadfasdfsa','2013-03-06 21:00:09','2013-03-06 21:00:09'),(23,17,'lkkljjkdjk','2013-03-06 22:25:06','2013-03-06 22:25:06'),(24,18,'lkjlkergtlkjertkl','2013-03-06 22:28:14','2013-03-06 22:28:14'),(25,19,'l;klkgjlkds','2013-03-06 22:42:05','2013-03-06 22:42:05'),(26,20,'lkjrtlkjelrktjel','2013-03-06 23:07:29','2013-03-06 23:07:29'),(27,21,'lkjglsdkjglkdsfjg','2013-03-06 23:12:49','2013-03-06 23:12:49'),(28,22,'kjtlkdjfthlj','2013-03-06 23:13:51','2013-03-06 23:13:51'),(29,23,'lkjlkjlkhgjfdlkh','2013-03-06 23:19:03','2013-03-06 23:19:03'),(30,24,'lrjtlkdjtlkjdsrlkt','2013-03-06 23:23:29','2013-03-06 23:23:29'),(31,25,'gdgdfgsdfgdfg','2013-03-06 23:31:40','2013-03-06 23:31:40'),(32,26,'lkfjglkdjglkdjfg','2013-03-06 23:34:44','2013-03-06 23:34:44'),(33,27,'gjdlkjglkdfjglkdfs','2013-03-06 23:39:49','2013-03-06 23:39:49'),(34,28,'lkjlkjtlkwejtkl','2013-03-06 23:42:59','2013-03-06 23:42:59'),(35,29,'lkdfjghldfjhlgkdfklh','2013-03-06 23:46:00','2013-03-06 23:46:00'),(36,30,'dkfjglsdkjglksdf','2013-03-06 23:51:32','2013-03-06 23:51:32'),(37,31,'ldkfjglsdkf','2013-03-06 23:52:59','2013-03-06 23:52:59'),(38,32,'jdslkgjsdlk','2013-03-07 00:02:56','2013-03-07 00:02:56'),(39,33,'lkjtlksjdrtk','2013-03-07 00:04:26','2013-03-07 00:04:26'),(40,34,'dkfjglskd','2013-03-07 00:05:51','2013-03-07 00:05:51'),(41,35,'lsdkfgjsldkfg','2013-03-07 00:07:27','2013-03-07 00:07:27'),(42,36,'kdfglsd','2013-03-07 00:12:32','2013-03-07 00:12:32'),(43,37,'lkdjflgk','2013-03-07 14:59:45','2013-03-07 14:59:45'),(44,38,'fdgsdkl;g','2013-03-07 15:02:04','2013-03-07 15:02:04'),(45,39,'lkjdsfkgjdks','2013-03-07 15:03:50','2013-03-07 15:03:50'),(46,40,'kjdfgkljsd','2013-03-07 15:26:49','2013-03-07 15:26:49'),(47,41,'kdjflgkjsdg','2013-03-07 15:28:39','2013-03-07 15:28:39'),(48,42,'dklfgjsdlkfg','2013-03-07 17:19:14','2013-03-07 17:19:14'),(49,43,'lsdkdfjglsdkfjg','2013-03-07 17:29:05','2013-03-07 17:29:05'),(50,44,'ldskfjgsdlkg','2013-03-07 21:07:00','2013-03-07 21:07:00'),(51,45,'kfjglsdkfjg','2013-03-07 21:11:33','2013-03-07 21:11:33'),(52,46,'sdkfgjdlskfjg','2013-03-08 14:26:09','2013-03-08 14:26:09'),(53,47,'lkdfjgkdsjglkdsfjg','2013-03-08 14:35:12','2013-03-08 14:35:12'),(54,48,'lkdfjglkdsfjgk','2013-03-08 14:50:24','2013-03-08 14:50:24'),(55,49,'kjldskjglkdfjgl','2013-03-08 15:09:42','2013-03-08 15:09:42'),(56,50,'kdfjglksdfjgkljdf','2013-03-08 15:16:02','2013-03-08 15:16:02'),(57,51,'sdlkfgjldksfjg','2013-03-08 15:50:39','2013-03-08 15:50:39'),(58,52,'sfjgksdjfgls','2013-03-08 15:54:33','2013-03-08 15:54:33'),(59,53,'dkdfjglkdfjklsj','2013-03-08 16:14:51','2013-03-08 16:14:51'),(60,54,'dfkjgldkjg','2013-03-08 16:16:21','2013-03-08 16:16:21'),(61,55,'lkdfsjglksdjfg','2013-03-08 16:28:34','2013-03-08 16:28:34'),(62,56,'dkfgjsdkfglsdkf','2013-03-08 16:32:41','2013-03-08 16:32:41'),(63,57,'kldjfglksdjfglksdj','2013-03-08 16:42:35','2013-03-08 16:42:35'),(64,58,'lkddjfglksdjglksdj','2013-03-08 16:47:33','2013-03-08 16:47:33'),(65,59,'jdfgksdjflgj','2013-03-08 16:48:48','2013-03-08 16:48:48'),(66,60,'sdfkjsalfkjsdklfj','2013-03-08 16:54:05','2013-03-08 16:54:05'),(67,61,'ldkfjglksdjfg','2013-03-08 17:01:55','2013-03-08 17:01:55'),(68,62,'kdjfglksdjfgk','2013-03-08 17:05:56','2013-03-08 17:05:56'),(69,63,'kfjglkdjfgl','2013-03-15 14:44:48','2013-03-15 14:44:48'),(70,64,'dkfjgksdfj','2013-03-15 15:05:13','2013-03-15 15:05:13'),(71,65,'kdssjfglksdjflk','2013-03-15 15:11:56','2013-03-15 15:11:56'),(72,66,'flgksjdlfgj','2013-03-15 15:13:02','2013-03-15 15:13:02'),(73,67,'ksdjflkg','2013-03-15 16:47:54','2013-03-15 16:47:54'),(74,68,'dlkfgjkds','2013-03-15 16:53:35','2013-03-15 16:53:35'),(75,69,'lkdsj','2013-03-15 16:56:55','2013-03-15 16:56:55'),(76,70,'dflgkjdslkfg','2013-03-15 17:13:41','2013-03-15 17:13:41'),(77,71,'lksdfjglkds','2013-03-15 17:14:47','2013-03-15 17:14:47'),(78,72,'kdfsjglksdjg','2013-03-15 18:38:21','2013-03-15 18:38:21'),(79,73,'kjfglksdjf','2013-03-15 19:14:04','2013-03-15 19:14:04'),(80,74,'dksfgjldsk','2013-03-15 19:16:20','2013-03-15 19:16:20'),(81,75,'ksdfgkjdsf','2013-03-15 19:33:23','2013-03-15 19:33:23'),(82,76,'tlkjlksdjfglkjsdf','2013-03-15 19:38:25','2013-03-15 19:38:25'),(83,77,'ksdfglksdjfglkdfg','2013-03-15 19:45:11','2013-03-15 19:45:11'),(84,78,'ldkfgjlsdgj','2013-03-15 19:49:08','2013-03-15 19:49:08');
/*!40000 ALTER TABLE `submissions` ENABLE KEYS */;
UNLOCK TABLES;

--
-- Table structure for table `users`
--

DROP TABLE IF EXISTS `users`;
/*!40101 SET @saved_cs_client     = @@character_set_client */;
/*!40101 SET character_set_client = utf8 */;
CREATE TABLE `users` (
  `id` int(11) NOT NULL AUTO_INCREMENT,
  `full_name` varchar(255) DEFAULT NULL,
  `email` varchar(255) DEFAULT NULL,
  `created_at` datetime NOT NULL,
  `updated_at` datetime NOT NULL,
  `encrypted_password` varchar(255) NOT NULL DEFAULT '',
  `reset_password_token` varchar(255) DEFAULT NULL,
  `reset_password_sent_at` datetime DEFAULT NULL,
  `remember_created_at` datetime DEFAULT NULL,
  `sign_in_count` int(11) DEFAULT '0',
  `current_sign_in_at` datetime DEFAULT NULL,
  `last_sign_in_at` datetime DEFAULT NULL,
  `current_sign_in_ip` varchar(255) DEFAULT NULL,
  `last_sign_in_ip` varchar(255) DEFAULT NULL,
  PRIMARY KEY (`id`),
  UNIQUE KEY `index_users_on_reset_password_token` (`reset_password_token`)
) ENGINE=InnoDB AUTO_INCREMENT=79 DEFAULT CHARSET=latin1;
/*!40101 SET character_set_client = @saved_cs_client */;

--
-- Dumping data for table `users`
--

LOCK TABLES `users` WRITE;
/*!40000 ALTER TABLE `users` DISABLE KEYS */;
INSERT INTO `users` VALUES (1,'test onehudredthirtytwo','drdefacto@defactomd.com','2013-02-12 01:30:13','2013-03-08 14:24:39','',NULL,NULL,NULL,0,NULL,NULL,NULL,NULL),(2,'Dr. Defacto 2','test1@defactomd.com','2013-02-12 01:32:54','2013-02-26 22:41:57','',NULL,NULL,NULL,0,NULL,NULL,NULL,NULL),(3,'Dr. Defacto 2','test2@defactomd.com','2013-02-12 01:35:57','2013-02-26 22:44:07','',NULL,NULL,NULL,0,NULL,NULL,NULL,NULL),(4,'Dr. Defacto','test3@defactomd.com','2013-02-25 17:19:13','2013-02-25 17:19:15','',NULL,NULL,NULL,0,NULL,NULL,NULL,NULL),(5,'test four','test4@test.com','2013-02-26 22:53:42','2013-03-06 17:57:57','',NULL,NULL,NULL,0,NULL,NULL,NULL,NULL),(6,'Dr. Bobo','test5@test.com','2013-02-26 22:56:29','2013-02-26 22:56:29','',NULL,NULL,NULL,0,NULL,NULL,NULL,NULL),(7,'','','2013-02-26 23:18:46','2013-02-26 23:18:46','',NULL,NULL,NULL,0,NULL,NULL,NULL,NULL),(8,'Andrew','andrew@myimedia.com','2013-02-27 01:00:10','2013-02-27 01:00:10','',NULL,NULL,NULL,0,NULL,NULL,NULL,NULL),(9,'Andrew','invo@myimedia.com','2013-03-04 22:32:48','2013-03-04 22:32:48','',NULL,NULL,NULL,0,NULL,NULL,NULL,NULL),(10,'Dubious Guy','invo2@myimedia.com','2013-03-04 22:33:26','2013-03-04 22:33:26','',NULL,NULL,NULL,0,NULL,NULL,NULL,NULL),(11,'kja;slkf','test5@test.org','2013-03-05 15:08:26','2013-03-05 15:08:26','',NULL,NULL,NULL,0,NULL,NULL,NULL,NULL),(12,'testjlkj','test6@usr.com','2013-03-05 15:22:38','2013-03-05 15:22:38','',NULL,NULL,NULL,0,NULL,NULL,NULL,NULL),(13,'test female','testfemale@test.com','2013-03-06 20:07:19','2013-03-06 20:07:19','',NULL,NULL,NULL,0,NULL,NULL,NULL,NULL),(14,'test female three','testfemale33@test.com','2013-03-06 20:14:01','2013-03-06 20:14:01','',NULL,NULL,NULL,0,NULL,NULL,NULL,NULL),(15,'test female four','testfemale44@test.com','2013-03-06 20:21:27','2013-03-06 20:21:27','',NULL,NULL,NULL,0,NULL,NULL,NULL,NULL),(16,'test male seventyseven','testmale77@test.com','2013-03-06 21:00:09','2013-03-06 21:00:09','',NULL,NULL,NULL,0,NULL,NULL,NULL,NULL),(17,'test male eightyeight','testmale88@test.com','2013-03-06 22:25:06','2013-03-06 22:25:06','',NULL,NULL,NULL,0,NULL,NULL,NULL,NULL),(18,'test male ninetynine','testmale99@test.com','2013-03-06 22:28:14','2013-03-06 22:28:14','',NULL,NULL,NULL,0,NULL,NULL,NULL,NULL),(19,'test male onehundredtwo','testmale102@test.com','2013-03-06 22:42:05','2013-03-06 22:42:05','',NULL,NULL,NULL,0,NULL,NULL,NULL,NULL),(20,'test male onehundredthree','testmale103@test.com','2013-03-06 23:07:29','2013-03-06 23:07:29','',NULL,NULL,NULL,0,NULL,NULL,NULL,NULL),(21,'test male onehundredfour','testmale104@test.com','2013-03-06 23:12:49','2013-03-06 23:12:49','',NULL,NULL,NULL,0,NULL,NULL,NULL,NULL),(22,'test male onehundredfive','testmale105@test.com','2013-03-06 23:13:51','2013-03-06 23:13:51','',NULL,NULL,NULL,0,NULL,NULL,NULL,NULL),(23,'test male onehundredsix','testmale106@test.com','2013-03-06 23:19:03','2013-03-06 23:19:03','',NULL,NULL,NULL,0,NULL,NULL,NULL,NULL),(24,'test male onehundredseven','testmale107@test.com','2013-03-06 23:23:29','2013-03-06 23:23:29','',NULL,NULL,NULL,0,NULL,NULL,NULL,NULL),(25,'test male onehundredeight','testmale108@test.com','2013-03-06 23:31:40','2013-03-06 23:31:40','',NULL,NULL,NULL,0,NULL,NULL,NULL,NULL),(26,'test male onehundrednine','testmale109@test.com','2013-03-06 23:34:44','2013-03-06 23:34:44','',NULL,NULL,NULL,0,NULL,NULL,NULL,NULL),(27,'test male onehundredtwelve','testmale112@test.com','2013-03-06 23:39:49','2013-03-06 23:39:49','',NULL,NULL,NULL,0,NULL,NULL,NULL,NULL),(28,'test male onehundredthirteen','testmale113@test.com','2013-03-06 23:42:59','2013-03-06 23:42:59','',NULL,NULL,NULL,0,NULL,NULL,NULL,NULL),(29,'test male onehundredfourteen','testmale114@test.com','2013-03-06 23:46:00','2013-03-06 23:46:00','',NULL,NULL,NULL,0,NULL,NULL,NULL,NULL),(30,'test male onehundredfifteen','testmale115@test.com','2013-03-06 23:51:32','2013-03-06 23:51:32','',NULL,NULL,NULL,0,NULL,NULL,NULL,NULL),(31,'test male onehundredsixteen','testmale116@test.com','2013-03-06 23:52:59','2013-03-06 23:52:59','',NULL,NULL,NULL,0,NULL,NULL,NULL,NULL),(32,'test male onehundredseventeen','testmale117@test.com','2013-03-07 00:02:56','2013-03-07 00:02:56','',NULL,NULL,NULL,0,NULL,NULL,NULL,NULL),(33,'test male onehundredeighteen','testmale118@test.com','2013-03-07 00:04:26','2013-03-07 00:04:26','',NULL,NULL,NULL,0,NULL,NULL,NULL,NULL),(34,'test male onehundrednineteen','testmale119@test.com','2013-03-07 00:05:51','2013-03-07 00:05:51','',NULL,NULL,NULL,0,NULL,NULL,NULL,NULL),(35,'test male onehundredtwenty','testmale120@test.com','2013-03-07 00:07:27','2013-03-07 00:07:27','',NULL,NULL,NULL,0,NULL,NULL,NULL,NULL),(36,'test male onehundredtwentyone','testmale121@test.com','2013-03-07 00:12:32','2013-03-07 00:12:32','',NULL,NULL,NULL,0,NULL,NULL,NULL,NULL),(37,'test male onehundredtwentytwo','testmale122@test.com','2013-03-07 14:59:45','2013-03-07 14:59:45','',NULL,NULL,NULL,0,NULL,NULL,NULL,NULL),(38,'test male onehundredtwentythree','testmale123@test.com','2013-03-07 15:02:04','2013-03-07 15:02:04','',NULL,NULL,NULL,0,NULL,NULL,NULL,NULL),(39,'test male onehundredtwentyfour','testmale124@test.com','2013-03-07 15:03:50','2013-03-07 15:03:50','',NULL,NULL,NULL,0,NULL,NULL,NULL,NULL),(40,'test male onehundredtwentyfive','testmale125@test.com','2013-03-07 15:26:49','2013-03-07 15:26:49','',NULL,NULL,NULL,0,NULL,NULL,NULL,NULL),(41,'test male onehundredtwentysix','testmale126@test.com','2013-03-07 15:28:39','2013-03-07 15:28:39','',NULL,NULL,NULL,0,NULL,NULL,NULL,NULL),(42,'test male onehundredtwentyseven','testmale127@test.com','2013-03-07 17:19:14','2013-03-07 17:19:14','',NULL,NULL,NULL,0,NULL,NULL,NULL,NULL),(43,'test male onehundredtwentyeight','testmale128@test.com','2013-03-07 17:29:05','2013-03-07 17:29:05','',NULL,NULL,NULL,0,NULL,NULL,NULL,NULL),(44,'test male onehundredtwentynine','testmale129@test.com','2013-03-07 21:07:00','2013-03-07 21:07:00','',NULL,NULL,NULL,0,NULL,NULL,NULL,NULL),(45,'test male onehundredthirty','testmale130@test.com','2013-03-07 21:11:33','2013-03-07 21:11:33','',NULL,NULL,NULL,0,NULL,NULL,NULL,NULL),(46,'test male onehundredthirtythree','testmale133@test.com','2013-03-08 14:26:09','2013-03-08 14:26:09','',NULL,NULL,NULL,0,NULL,NULL,NULL,NULL),(47,'test female onehundredthirtyfour','testfemale134@test.com','2013-03-08 14:35:12','2013-03-08 14:35:12','',NULL,NULL,NULL,0,NULL,NULL,NULL,NULL),(48,'test male onehundredthirtyfour','testmale134@test.com','2013-03-08 14:50:24','2013-03-08 14:50:24','',NULL,NULL,NULL,0,NULL,NULL,NULL,NULL),(49,'test male onehundredthirtyfive','testmale135@test.com','2013-03-08 15:09:42','2013-03-08 15:09:42','',NULL,NULL,NULL,0,NULL,NULL,NULL,NULL),(50,'test male onehundredthirtysix','testmale136@test.com','2013-03-08 15:16:02','2013-03-08 15:16:02','',NULL,NULL,NULL,0,NULL,NULL,NULL,NULL),(51,'test male onehundredthirtyseven','testmale137@test.com','2013-03-08 15:50:39','2013-03-08 15:50:39','',NULL,NULL,NULL,0,NULL,NULL,NULL,NULL),(52,'test male onehundredthirtyeight','testmale138@test.com','2013-03-08 15:54:33','2013-03-08 15:54:33','',NULL,NULL,NULL,0,NULL,NULL,NULL,NULL),(53,'test male onehundredthirtynine','testmale139@test.com','2013-03-08 16:14:51','2013-03-08 16:14:51','',NULL,NULL,NULL,0,NULL,NULL,NULL,NULL),(54,'test male onehundredforty','testmale140@test.com','2013-03-08 16:16:21','2013-03-08 16:16:21','',NULL,NULL,NULL,0,NULL,NULL,NULL,NULL),(55,'test male onehundredfortyone','testmale141@test.com','2013-03-08 16:28:34','2013-03-08 16:28:34','',NULL,NULL,NULL,0,NULL,NULL,NULL,NULL),(56,'test male onehundredfortytwo','testmale142@test.com','2013-03-08 16:32:41','2013-03-08 16:32:41','',NULL,NULL,NULL,0,NULL,NULL,NULL,NULL),(57,'test male onehundredfortythree','testmale143@test.com','2013-03-08 16:42:35','2013-03-08 16:42:35','',NULL,NULL,NULL,0,NULL,NULL,NULL,NULL),(58,'test male onehundredfortyfour','testmale144@test.com','2013-03-08 16:47:33','2013-03-08 16:47:33','',NULL,NULL,NULL,0,NULL,NULL,NULL,NULL),(59,'test male onehundredfortyfive','testmale145@test.com','2013-03-08 16:48:48','2013-03-08 16:48:48','',NULL,NULL,NULL,0,NULL,NULL,NULL,NULL),(60,'test male onehundredfortysix','testmale146@test.com','2013-03-08 16:54:05','2013-03-08 16:54:05','',NULL,NULL,NULL,0,NULL,NULL,NULL,NULL),(61,'test male onehundredfortyseven','testmale147@test.com','2013-03-08 17:01:55','2013-03-08 17:01:55','',NULL,NULL,NULL,0,NULL,NULL,NULL,NULL),(62,'test male onehundredfortyeight','testmale148@test.com','2013-03-08 17:05:55','2013-03-08 17:05:55','',NULL,NULL,NULL,0,NULL,NULL,NULL,NULL),(63,'test male three','testmale23534@test.com','2013-03-15 14:44:48','2013-03-15 14:44:48','',NULL,NULL,NULL,0,NULL,NULL,NULL,NULL),(64,'test male three','testmale35345@test.com','2013-03-15 15:05:13','2013-03-15 15:05:13','',NULL,NULL,NULL,0,NULL,NULL,NULL,NULL),(65,'test male four','testmale34645@test.com','2013-03-15 15:11:56','2013-03-15 15:11:56','',NULL,NULL,NULL,0,NULL,NULL,NULL,NULL),(66,'test male six','testmale4569589@test.com','2013-03-15 15:13:02','2013-03-15 15:13:02','',NULL,NULL,NULL,0,NULL,NULL,NULL,NULL),(67,'test male six','testmale3645@test.com','2013-03-15 16:47:54','2013-03-15 16:47:54','',NULL,NULL,NULL,0,NULL,NULL,NULL,NULL),(68,'test male four','testmale54645@test.com','2013-03-15 16:53:35','2013-03-15 16:53:35','',NULL,NULL,NULL,0,NULL,NULL,NULL,NULL),(69,'test male zero','testmale93459034@test.com','2013-03-15 16:56:54','2013-03-15 16:56:54','',NULL,NULL,NULL,0,NULL,NULL,NULL,NULL),(70,'test male five','testmale34543@test.com','2013-03-15 17:13:41','2013-03-15 17:13:41','',NULL,NULL,NULL,0,NULL,NULL,NULL,NULL),(71,'test male nine','testmale9598938@test.com','2013-03-15 17:14:47','2013-03-15 17:14:47','',NULL,NULL,NULL,0,NULL,NULL,NULL,NULL),(72,'test male six','testmale645@test.com','2013-03-15 18:38:21','2013-03-15 18:38:21','',NULL,NULL,NULL,0,NULL,NULL,NULL,NULL),(73,'test male zero','testmale5312098@test.com','2013-03-15 19:14:04','2013-03-15 19:14:04','',NULL,NULL,NULL,0,NULL,NULL,NULL,NULL),(74,'test male nine','testmale899486@test.com','2013-03-15 19:16:20','2013-03-15 19:16:20','',NULL,NULL,NULL,0,NULL,NULL,NULL,NULL),(75,'test male three','testmale834578345@test.com','2013-03-15 19:33:23','2013-03-15 19:33:23','',NULL,NULL,NULL,0,NULL,NULL,NULL,NULL),(76,'test male three','testmale7583923@test.com','2013-03-15 19:38:25','2013-03-15 19:38:25','',NULL,NULL,NULL,0,NULL,NULL,NULL,NULL),(77,'test male zero','testmale0928768@test.com','2013-03-15 19:45:11','2013-03-15 19:45:11','',NULL,NULL,NULL,0,NULL,NULL,NULL,NULL),(78,'test male seven','testmale47679@test.com','2013-03-15 19:49:08','2013-03-15 19:49:08','',NULL,NULL,NULL,0,NULL,NULL,NULL,NULL);
/*!40000 ALTER TABLE `users` ENABLE KEYS */;
UNLOCK TABLES;
/*!40103 SET TIME_ZONE=@OLD_TIME_ZONE */;

/*!40101 SET SQL_MODE=@OLD_SQL_MODE */;
/*!40014 SET FOREIGN_KEY_CHECKS=@OLD_FOREIGN_KEY_CHECKS */;
/*!40014 SET UNIQUE_CHECKS=@OLD_UNIQUE_CHECKS */;
/*!40101 SET CHARACTER_SET_CLIENT=@OLD_CHARACTER_SET_CLIENT */;
/*!40101 SET CHARACTER_SET_RESULTS=@OLD_CHARACTER_SET_RESULTS */;
/*!40101 SET COLLATION_CONNECTION=@OLD_COLLATION_CONNECTION */;
/*!40111 SET SQL_NOTES=@OLD_SQL_NOTES */;

-- Dump completed on 2013-03-26 19:06:08
